荔枝,200吨,全国
荔枝,50斤,全国
荔枝,1000斤,全国
荔枝,2000斤,全国
荔枝,66000斤,全国
荔枝,2000斤,全国
荔枝 白糖罂,50000斤,全国
荔枝,0.50斤,全国
荔枝,20000斤,海南省
荔枝,15斤,广东省佛山市
荔枝,5斤,全国
荔枝 仙进奉荔枝,2500斤,全国
荔枝 妃子笑,1斤,全国
荔枝,20斤,广东省广州市
荔枝,2000斤,全国
荔枝,10000斤,全国
荔枝 仙进奉荔枝,20000斤,全国
荔枝,10斤,四川省泸州市
荔枝 荔枝王,2000斤,广东省惠州市
荔枝 黑叶荔枝,20000斤,全国
荔枝 妃子笑,10000斤,全国
荔枝,500斤,广西壮族自治区钦州市
荔枝 黑叶荔枝,10000斤,广西壮族自治区
荔枝 禾荔,8000斤,广西壮族自治区贵港市
荔枝,200斤,广西壮族自治区玉林市
荔枝,100箱,全国
荔枝,2000斤,四川省泸州市
荔枝,15000斤,广西壮族自治区
荔枝 仙进奉荔枝,200斤,广东省广州市
荔枝 糯米糍荔枝,100斤,全国
荔枝,500斤,全国
荔枝 桂味,5000斤,广东省广州市
荔枝 桂味,12000斤,全国
荔枝,1000斤,全国
荔枝,500箱,全国
荔枝,3斤,福建省厦门市
荔枝 禾荔,10000斤,全国
荔枝,10000斤,广西壮族自治区
荔枝 禾荔,10000斤,全国
荔枝,5斤,全国
荔枝,20000斤,全国
荔枝,20斤,全国
荔枝,50斤,全国
荔枝,3000斤,全国
荔枝,1000斤,全国
荔枝 桂味,10000斤,全国
荔枝 黑叶荔枝,15000斤,福建省漳州市
荔枝 仙进奉荔枝,400斤,全国
荔枝 桂味,200斤,广东省广州市
荔枝 桂味,1000斤,全国
荔枝 黑叶荔枝,5斤,全国
荔枝 仙进奉荔枝,100斤,全国
荔枝,1斤,全国
荔枝,10000斤,广东省
荔枝 妃子笑,100斤,全国
荔枝,5000斤,全国
荔枝 妃子笑,3000000斤,全国
荔枝 鸡嘴荔枝,10000斤,全国
荔枝,1000斤,四川省宜宾市
荔枝 桂味,200箱,全国
荔枝 荔枝王,4000斤,全国
荔枝 无核荔枝,4000斤,全国
荔枝 黑叶荔枝,10000斤,福建省
荔枝,10000斤,"广西壮族自治区百色市,广西壮族自治区钦州市"
荔枝,50斤,全国
荔枝 桂味,3000斤,广西壮族自治区
荔枝 妃子笑,1000斤,全国
荔枝 禾荔,10000斤,全国
荔枝 桂味,150斤,广西壮族自治区玉林市
荔枝 黑叶荔枝,100000斤,广西壮族自治区
荔枝,100斤,全国
荔枝 妃子笑,25斤,海南省
荔枝 禾荔,8000斤,广西壮族自治区贵港市
荔枝 桂味,1000斤,"广东省广州市,广东省深圳市"
荔枝 三月红,2000斤,广西壮族自治区
荔枝 妃子笑,20000斤,全国
荔枝,10000斤,全国
荔枝,20000斤,全国
荔枝 白蜡荔枝,1000斤,全国
荔枝,10斤,全国
荔枝 大红袍荔枝,5000斤,全国
荔枝,5000斤,全国
荔枝 荔枝王,2000斤,全国
荔枝,200斤,全国
荔枝,10斤,广西壮族自治区北海市
荔枝 黑叶荔枝,20000斤,全国
荔枝 妃子笑,500000斤,全国
荔枝 妃子笑,10斤,广西壮族自治区钦州市
荔枝 桂味,1200斤,广东省深圳市
荔枝 黑叶荔枝,20000斤,福建省
荔枝 妃子笑,10000斤,广东省茂名市
荔枝 妃子笑,40000斤,"广西壮族自治区钦州市,广东省茂名市"
荔枝,100斤,全国
荔枝,1000斤,全国
荔枝 黑叶荔枝,120斤,广东省茂名市
荔枝 黑叶荔枝,2000斤,全国
荔枝 黑叶荔枝,100000斤,云南省保山市
荔枝,500斤,广西壮族自治区
荔枝,90斤,全国
荔枝 桂味,20000斤,全国
荔枝,1斤,全国
荔枝 妃子笑,100斤,全国
荔枝 黑叶荔枝,2000斤,全国
荔枝 黑叶荔枝,2000斤,广西壮族自治区贵港市
荔枝,5000斤,广西壮族自治区
荔枝,500斤,重庆市重庆市
荔枝 仙进奉荔枝,3000斤,全国
荔枝 白糖罂,20000斤,全国
荔枝,1000斤,湖北省宜昌市
荔枝 鸡嘴荔枝,10000斤,全国
荔枝,500斤,广西壮族自治区钦州市
荔枝,10斤,全国
荔枝,7000斤,全国
荔枝 荔枝王,20000斤,全国
荔枝,600斤,全国
荔枝,2000斤,全国
荔枝 妃子笑,50斤,全国
荔枝 妃子笑,1斤,全国
荔枝,1000斤,全国
荔枝 妃子笑,100斤,海南省
荔枝 无核荔枝,6000斤,"广东省湛江市,广东省江门市"
荔枝 黑叶荔枝,3000斤,全国
荔枝,1000斤,全国
荔枝,50箱,全国
荔枝 白糖罂,1000斤,全国
荔枝,5000斤,全国
荔枝,5斤,全国
荔枝 桂味,10000斤,全国
荔枝,500斤,全国
荔枝,10斤,全国
荔枝,10000斤,全国
荔枝,2000斤,全国
荔枝 桂味,17000斤,广东省惠州市
荔枝,10斤,四川省泸州市
荔枝,1000斤,福建省漳州市
荔枝,3000斤,全国
荔枝,100斤,全国
荔枝,2000斤,全国
荔枝,50100斤,全国
荔枝 荔枝王,2000斤,全国
荔枝 黑叶荔枝,500斤,全国
荔枝 妃子笑,200000斤,全国
荔枝 妃子笑,8000000斤,全国
荔枝,99999斤,全国
荔枝 黑叶荔枝,4000斤,全国
荔枝 桂味,500斤,全国
荔枝,500斤,全国
荔枝 黑叶荔枝,100斤,全国
荔枝 黑叶荔枝,50斤,全国
荔枝,10000斤,全国
荔枝 无核荔枝,10斤,全国
荔枝 妃子笑,100斤,广西壮族自治区钦州市
荔枝,5斤,全国
荔枝,500斤,全国
荔枝 黑叶荔枝,20000斤,全国
荔枝,600斤,全国
荔枝,15000斤,全国
荔枝,500箱,全国
荔枝 黑叶荔枝,50000斤,广东省茂名市
荔枝 妃子笑,500斤,全国
荔枝 妃子笑,10000斤,全国
荔枝,1000斤,全国
荔枝 黑叶荔枝,1000斤,广西壮族自治区
荔枝 妃子笑,20000斤,全国
荔枝 大红袍荔枝,10000斤,全国
荔枝 妃子笑,10008斤,广东省茂名市
荔枝 白糖罂,2000斤,全国
荔枝 黑叶荔枝,200斤,全国
荔枝,2000斤,全国
荔枝,100斤,全国
荔枝 妃子笑,200斤,全国
荔枝 妃子笑,4000斤,全国
荔枝,40000斤,全国
荔枝 白糖罂,20000斤,全国
荔枝 禾荔,3000斤,广西壮族自治区河池市
荔枝,1000斤,全国
荔枝,30000斤,全国
荔枝,1000斤,云南省德宏傣族景颇族自治州
荔枝,15000斤,广西壮族自治区
荔枝,2000斤,广西壮族自治区
荔枝,5斤,全国
荔枝 白糖罂,15斤,全国
荔枝 桂味,100斤,广东省广州市
荔枝 妃子笑,60000斤,全国
荔枝 妃子笑,500斤,全国
荔枝,4000斤,广东省茂名市
荔枝 妃子笑,2箱,全国
荔枝 桂味,3000斤,全国
荔枝 桂味,1000斤,广东省广州市
荔枝 妃子笑,20000斤,全国
荔枝 糯米糍荔枝,1000斤,全国
荔枝,200000斤,全国
荔枝,100斤,全国
荔枝 妃子笑,13000斤,全国
荔枝 桂味,2000斤,广东省东莞市
荔枝,30000斤,"广东省广州市,广东省深圳市"
荔枝,4斤,全国
荔枝 黑叶荔枝,10000斤,广西壮族自治区
荔枝,10000斤,全国
荔枝,3斤,全国
荔枝 妃子笑,500斤,全国
荔枝 禾荔,10000斤,全国
荔枝 桂味,10000斤,广西壮族自治区
荔枝 白糖罂,10斤,全国
荔枝,5000斤,"广西壮族自治区,广东省"
荔枝 妃子笑,20000斤,全国
荔枝 黑叶荔枝,200斤,广西壮族自治区南宁市
荔枝,5000斤,全国
荔枝,20斤,海南省海口市
荔枝 黑叶荔枝,1000斤,全国
荔枝 妃子笑,1000斤,全国
荔枝,50000斤,全国
荔枝,200斤,全国
荔枝 妃子笑,10斤,全国
荔枝 白蜡荔枝,2000斤,全国
荔枝 黑叶荔枝,5000斤,福建省漳州市
荔枝,20000斤,全国
荔枝,10斤,全国
荔枝 黑叶荔枝,5000斤,广西壮族自治区贵港市
荔枝,40000斤,全国
荔枝 白蜡荔枝,10000斤,广西壮族自治区
荔枝,20000斤,全国
荔枝,20000斤,"海南省,广东省,广西壮族自治区"
荔枝 妃子笑,110斤,浙江省嘉兴市
荔枝,1斤,全国
荔枝,500斤,"福建省漳州市,福建省厦门市"
荔枝,1000斤,广东省茂名市
荔枝 妃子笑,5箱,全国
荔枝 黑叶荔枝,10000斤,广东省茂名市
荔枝 黑叶荔枝,15000斤,福建省漳州市
荔枝 妃子笑,20000斤,全国
荔枝 妃子笑,300斤,全国
荔枝 妃子笑,5000斤,全国
荔枝,1000斤,全国
荔枝 妃子笑,100000斤,全国
荔枝,3斤,全国
荔枝,1000斤,全国
荔枝,30000斤,全国
荔枝 白糖罂,100斤,广东省湛江市
荔枝,2000斤,全国
荔枝 妃子笑,30000斤,全国
荔枝,10000斤,全国
荔枝,4000斤,广西壮族自治区
荔枝,10000斤,全国
荔枝,2000斤,全国
荔枝 白蜡荔枝,40000斤,全国
荔枝 黑叶荔枝,16000斤,全国
荔枝 妃子笑,100斤,全国
荔枝,10斤,全国
荔枝 黑叶荔枝,50000斤,全国
荔枝,8000斤,全国
荔枝 三月红,3000斤,广西壮族自治区钦州市
荔枝 桂味,2000斤,全国
荔枝 黑叶荔枝,25000斤,全国
荔枝 状元红荔枝,300斤,全国
荔枝,1000斤,四川省
荔枝,5斤,全国
荔枝 白糖罂,10000斤,全国
荔枝 黑叶荔枝,500斤,全国
荔枝 妃子笑,100000斤,广东省茂名市
荔枝,10斤,全国
荔枝,20000斤,全国
荔枝,50斤,全国
荔枝,500斤,全国
荔枝,1000斤,全国
荔枝 白糖罂,100斤,全国
荔枝,200斤,江西省宜春市
荔枝,3000斤,全国
荔枝 妃子笑,5000斤,全国
荔枝,1500斤,广东省
荔枝,1000斤,全国
荔枝,2000斤,全国
荔枝 无核荔枝,1000斤,全国
荔枝,5000斤,海南省
荔枝,1500箱,全国
荔枝 玉荷包荔枝,300000斤,全国
荔枝 妃子笑,100000斤,全国
荔枝 荔枝王,2000斤,广东省
荔枝,50000斤,全国
荔枝,10斤,全国
荔枝,20000斤,全国
荔枝,1200斤,"广西壮族自治区梧州市,广西壮族自治区南宁市"
荔枝 桂味,150斤,广西壮族自治区玉林市
荔枝 妃子笑,60000斤,"海南省,广东省"
荔枝,77斤,全国
荔枝 荔枝王,20000斤,全国
荔枝,100000斤,广西壮族自治区贵港市
荔枝 桂味,100斤,广东省广州市
荔枝,50斤,全国
荔枝,2000斤,广西壮族自治区
荔枝 妃子笑,20000斤,海南省
荔枝 大红袍荔枝,5000斤,全国
荔枝 妃子笑,5000斤,全国
荔枝 妃子笑,14000斤,全国
荔枝,40斤,全国
荔枝 黑叶荔枝,2000斤,广西壮族自治区来宾市
荔枝,5斤,全国
荔枝 荔枝王,2000斤,全国
荔枝,300斤,广东省河源市
荔枝,500斤,全国
荔枝 桂味,2000斤,"广东省,广西壮族自治区,海南省"
荔枝 妃子笑,2000斤,全国
荔枝 白糖罂,20000斤,全国
荔枝 妃子笑,1000斤,全国
荔枝,100斤,山东省青岛市
荔枝,1500斤,全国
荔枝 桂味,250斤,广东省茂名市
荔枝 妃子笑,1000斤,全国
荔枝,5斤,全国
荔枝 妃子笑,4000斤,"广东省,广西壮族自治区"
荔枝 妃子笑,2000斤,全国
荔枝 妃子笑,10000斤,全国
荔枝,500斤,全国
荔枝,10斤,全国
荔枝,10000斤,全国
荔枝,5000斤,全国
荔枝 妃子笑,10000斤,全国
荔枝 妃子笑,10000斤,全国
荔枝,2000斤,全国
荔枝 仙进奉荔枝,100斤,全国
荔枝 妃子笑,5000斤,广西壮族自治区南宁市
荔枝,500斤,广西壮族自治区
荔枝 妃子笑,30000斤,全国
荔枝,2000斤,全国
荔枝 妃子笑,2000斤,广东省
荔枝 妃子笑,60000斤,全国
荔枝 妃子笑,2000斤,全国
荔枝 黑叶荔枝,12000斤,广西壮族自治区贵港市
荔枝,3000斤,全国
荔枝 黑叶荔枝,4550斤,全国
荔枝 白糖罂,10000斤,全国
荔枝,200斤,全国
荔枝,10000斤,全国
荔枝 黑叶荔枝,3000斤,全国
荔枝,2000斤,全国
荔枝,10000斤,全国
荔枝 妃子笑,3000斤,全国
荔枝 妃子笑,10000斤,全国
荔枝 黑叶荔枝,10000斤,全国
荔枝 状元红荔枝,10000斤,全国
荔枝 大红袍荔枝,7000斤,全国
荔枝 妃子笑,17000斤,海南省海口市
荔枝 糯米糍荔枝,10斤,全国
荔枝 禾荔,5000斤,全国
荔枝,200斤,全国
荔枝 妃子笑,100斤,福建省漳州市
荔枝,500斤,全国
荔枝 桂味,20斤,全国
荔枝 妃子笑,20000斤,全国
荔枝,15斤,全国
荔枝,5000斤,全国
荔枝 妃子笑,100斤,海南省
荔枝 禾荔,2000斤,全国
荔枝,3000斤,全国
荔枝 妃子笑,10000斤,全国
荔枝,50箱,全国
荔枝 妃子笑,2000斤,广西壮族自治区钦州市
荔枝,30斤,全国
荔枝 妃子笑,20斤,全国
荔枝 妃子笑,10000斤,全国
荔枝,200斤,全国
荔枝 白糖罂,6斤,全国
荔枝,1000斤,全国
荔枝,100斤,全国
荔枝,50000斤,广东省茂名市
荔枝,50斤,全国
荔枝,20斤,全国
荔枝,1000斤,广东省
荔枝,50斤,广东省广州市
荔枝,10000斤,全国
荔枝 黑叶荔枝,100斤,全国
荔枝,1000斤,全国
荔枝,100000斤,全国
荔枝,5斤,全国
荔枝 妃子笑,100斤,全国
荔枝,500斤,全国
荔枝,2000箱,全国
荔枝 桂味,200斤,全国
荔枝,20000斤,"海南省文昌市,海南省海口市,海南省陵水黎族自治县"
荔枝,50000斤,全国
荔枝 妃子笑,500斤,广东省
荔枝,10000斤,全国
荔枝,1000斤,福建省
荔枝 妃子笑,5斤,全国
荔枝,200斤,全国
荔枝 妃子笑,20斤,全国
荔枝 妃子笑,20000斤,全国
荔枝 妃子笑,300斤,海南省
荔枝 三月红,100斤,全国
荔枝,3600000箱,全国
荔枝 妃子笑,1000斤,全国
荔枝,500斤,全国
荔枝,2000斤,全国
荔枝,5000斤,广东省茂名市
荔枝,20000斤,全国
荔枝,1000斤,广东省湛江市
荔枝,500斤,全国
荔枝 妃子笑,2000斤,全国
荔枝 妃子笑,500斤,全国
荔枝 妃子笑,500斤,海南省
荔枝,7000斤,全国
荔枝,100斤,全国
荔枝 妃子笑,10000斤,全国
荔枝,2斤,全国
荔枝 妃子笑,8000斤,全国
荔枝 三月红,10000斤,全国
荔枝 白糖罂,2000斤,全国
荔枝 黑叶荔枝,50000斤,全国
荔枝,1000斤,全国
荔枝,2000斤,全国
荔枝 桂味,10000斤,全国
荔枝 妃子笑,20斤,海南省
荔枝 妃子笑,200斤,全国
荔枝,15000斤,广西壮族自治区
荔枝,5斤,全国
荔枝 无核荔枝,10000斤,全国
荔枝 糯米糍荔枝,5000斤,全国
荔枝 三月红,400斤,全国
荔枝 妃子笑,5000斤,全国
荔枝,4斤,全国
荔枝 黑叶荔枝,2斤,全国
荔枝,10000斤,全国
荔枝 黑叶荔枝,2000斤,广西壮族自治区南宁市
荔枝,10000斤,全国
荔枝,100斤,全国
荔枝,2000斤,广东省茂名市
荔枝,5000斤,全国
荔枝 妃子笑,100000斤,全国
荔枝 挂绿荔枝,10斤,全国
荔枝,500箱,浙江省台州市
荔枝,100000斤,广西壮族自治区钦州市
荔枝,1000斤,全国
荔枝 妃子笑,20000斤,全国
荔枝 白糖罂,20000斤,全国
荔枝,1000斤,海南省
荔枝 黑叶荔枝,6000斤,广西壮族自治区钦州市
荔枝 白蜡荔枝,10000斤,广东省茂名市
荔枝 妃子笑,1000斤,全国
荔枝,2000斤,全国
荔枝 白糖罂,100斤,广东省茂名市
荔枝,10000斤,全国
荔枝,10000斤,广东省
荔枝 妃子笑,2000斤,全国
荔枝,100斤,四川省
荔枝 妃子笑,2000斤,全国
荔枝,1000斤,全国
荔枝 黑叶荔枝,2000斤,全国
荔枝,4000斤,广西壮族自治区
荔枝,10斤,全国
荔枝 白糖罂,10000斤,广西壮族自治区贵港市
荔枝 玉荷包荔枝,300000斤,全国
荔枝,10斤,全国
荔枝 三月红,30000斤,全国
荔枝 大红袍荔枝,500斤,全国
荔枝,20斤,全国
荔枝 挂绿荔枝,10000斤,全国
荔枝 妃子笑,20000斤,全国
荔枝,15斤,全国
荔枝 妃子笑,1000箱,全国
荔枝,200斤,全国
荔枝,60000斤,全国
荔枝 妃子笑,5000斤,全国
荔枝 妃子笑,2000000斤,全国
荔枝 荔枝王,2000斤,全国
荔枝 妃子笑,2000斤,全国
荔枝 白糖罂,20000斤,全国
荔枝 黑叶荔枝,15000斤,广西壮族自治区钦州市
荔枝,1800斤,全国
荔枝 妃子笑,500箱,全国
荔枝 妃子笑,1000斤,全国
荔枝,3000斤,全国
荔枝 妃子笑,10000斤,海南省海口市
荔枝 妃子笑,5000斤,全国
荔枝 黑叶荔枝,600斤,全国
荔枝,300斤,福建省福州市
荔枝 桂味,20000斤,全国
荔枝 妃子笑,1000斤,全国
荔枝 白糖罂,20000斤,广东省湛江市
荔枝,10000斤,全国
荔枝 妃子笑,100000斤,全国
荔枝 妃子笑,6000斤,全国
荔枝 妃子笑,1000斤,全国
荔枝 荔枝王,10斤,海南省海口市
荔枝,10斤,全国
荔枝,15斤,"广东省茂名市,广西壮族自治区钦州市"
荔枝 妃子笑,1箱,海南省海口市
荔枝 妃子笑,20斤,全国
荔枝 糯米糍荔枝,40000斤,全国
荔枝,100斤,全国
荔枝,10000斤,全国
荔枝,10斤,全国
荔枝,200斤,海南省
荔枝,20000斤,全国
荔枝 妃子笑,1000斤,全国
荔枝,10000斤,全国
荔枝 黑叶荔枝,2000斤,广西壮族自治区贵港市
荔枝,20000斤,全国
荔枝 妃子笑,10000斤,全国
荔枝 妃子笑,20000斤,全国
荔枝,500斤,广东省茂名市
荔枝 妃子笑,5000斤,全国
荔枝 桂味,200斤,广东省东莞市
荔枝,15000斤,广西壮族自治区
荔枝,30000斤,全国
荔枝,10000斤,全国
荔枝,1500斤,广西壮族自治区柳州市
荔枝,1000斤,全国
荔枝 糯米糍荔枝,80000斤,全国
荔枝,5000斤,广东省
荔枝,10000斤,全国
荔枝 妃子笑,8000斤,广东省
荔枝 白糖罂,10000斤,全国
荔枝,10000斤,全国
荔枝 妃子笑,4000斤,广东省湛江市
荔枝,4000斤,广西壮族自治区
荔枝,1000斤,全国
荔枝,100000斤,广西壮族自治区贵港市
荔枝,10斤,全国
荔枝 妃子笑,300000斤,全国
荔枝,4斤,全国
荔枝 妃子笑,2000斤,全国
荔枝 白糖罂,3000斤,全国
荔枝 妃子笑,20000斤,全国
荔枝 白糖罂,5000斤,全国
荔枝,60000斤,全国
荔枝 白蜡荔枝,5000斤,全国
荔枝 黑叶荔枝,15000斤,福建省漳州市
荔枝 妃子笑,1000斤,全国
荔枝 桂味,10斤,广东省惠州市
荔枝,10斤,全国
荔枝,1000斤,全国
荔枝 妃子笑,10000斤,全国
荔枝,10斤,全国
荔枝 大红袍荔枝,50斤,福建省
荔枝 妃子笑,500斤,海南省
荔枝 妃子笑,10000斤,全国
荔枝,3000斤,全国
荔枝 白糖罂,20000斤,全国
荔枝 妃子笑,2000斤,广西壮族自治区钦州市
荔枝,3000斤,全国
荔枝,500斤,全国
荔枝,15000斤,广西壮族自治区
荔枝 黑叶荔枝,300斤,全国
荔枝,20000斤,全国
荔枝,10000斤,全国
荔枝,3000斤,广西壮族自治区
荔枝 妃子笑,300000斤,广东省阳江市
荔枝 白糖罂,10000斤,"广东省阳江市,广东省湛江市,广东省茂名市"
荔枝 妃子笑,20000斤,全国
荔枝,10000斤,全国
荔枝 桂味,1000斤,"河南省洛阳市,河南省郑州市"
荔枝,5000斤,海南省
荔枝 黑叶荔枝,15000斤,福建省漳州市
荔枝 妃子笑,10000斤,全国
荔枝,60000斤,全国
荔枝,1000斤,全国
荔枝 妃子笑,500000斤,全国
荔枝 桂味,2000斤,全国
荔枝,1000斤,全国
荔枝,5000斤,全国
荔枝,15000斤,广西壮族自治区
荔枝,1000斤,"海南省,广东省"
荔枝,4000斤,全国
荔枝 妃子笑,2000斤,全国
荔枝,100000斤,全国
荔枝 妃子笑,300000斤,全国
荔枝 白糖罂,10斤,全国
荔枝 荔枝王,10000斤,全国
荔枝 黑叶荔枝,15000斤,福建省漳州市
荔枝,8000斤,全国
荔枝,1000斤,全国
荔枝,15000斤,广西壮族自治区
荔枝 无核荔枝,1000斤,全国
荔枝 三月红,2000斤,全国
荔枝,2000斤,广西壮族自治区钦州市
荔枝,1000斤,全国
荔枝 黑叶荔枝,5000斤,全国
荔枝 妃子笑,300000斤,全国
荔枝 黑叶荔枝,15000斤,广西壮族自治区钦州市
荔枝,15000斤,广西壮族自治区
荔枝 桂味,2000斤,全国
荔枝,2000斤,全国
荔枝 妃子笑,5000斤,广东省茂名市
荔枝 三月红,20000斤,广西壮族自治区钦州市
荔枝,100000斤,全国
荔枝 黑叶荔枝,20000斤,广西壮族自治区钦州市
荔枝,1000斤,全国
荔枝,10000斤,广西壮族自治区
荔枝,5000斤,全国
荔枝 黑叶荔枝,20000斤,广西壮族自治区钦州市
荔枝 妃子笑,20000斤,广东省茂名市
荔枝,2000斤,全国
荔枝,4000斤,全国
荔枝,200吨,全国
荔枝,200吨,全国
