﻿商品名,价格,起批量,发货地址,采购热度,询价量,成交量,收藏量
荔枝一件代发，大量接单只赚代办费,18.0,1箱,茂南区,4,771,0,1
妃子笑荔枝 茂名荔枝，妃子笑，白糖罂，白腊，桂味，黑叶，产地一手货源直供,5.8,3000斤,电白区,3,165,0,6
妃子笑荔枝 2cm ,88.0,2箱,信宜市,5,1006,0,2
荔枝,16.0,5斤,电白区,4,120,0,3
 热带水果荔枝开始上市了。口感纯正，核小肉厚,6.0,5000斤,电白区,3,49,0,0
 高州荔枝,138.0,1斤,高州市,5,1006,0,1
妃子笑荔枝 2cm,88.0,2箱,信宜市,5,1006,0,4
 黑叶荔枝已经大量上市中，量大的采购商可前来联系。,1.7,3000斤,电白区,4,1229,0,8
妃子笑荔枝    ，广东荔枝品种齐全，价格美丽，,2.0,3000斤,电白区,4,1229,0,0
妃子笑荔枝  无核荔枝,2.0,10000斤,电白区,4,1229,0,5
白糖罂荔枝 白糖罂已经大量上市，量大的可提前联系,2.8,3000斤,电白区,4,1229,0,0
茂名电白沃柑肤色好看！甜度达到18个糖,2.0,2000斤,电白区,2,0,0,0
妃子笑荔枝  广东荔枝品种齐全，价格美丽，量大从优，可供电商,2.9,3000斤,电白区,4,1229,0,0
高州市特产桂味荔枝干,22.0,20斤,高州市,4,38,0,0
黑叶荔枝 黑叶,1.0,10000斤,电白区,3,201,0,1
荔枝摘完仅作分享。荔枝种植户，一件代发。电商合作伙伴高州荔枝,18.0,1斤,高州市,3,1157,4,4
荔枝卖完仅作分享。荔枝园直发，自产自销果园直达一手货源,8.0,1斤,高州市,3,1157,3,1
荔枝卖完仅作分享。果农果园直发，种植户荔枝新鲜荔枝一手货源,8.0,1斤,高州市,3,1157,0,5
荔枝卖完仅作分享。高州果农果园，荔枝种植户，自产自销,8.0,1斤,高州市,3,1157,1,81
荔枝卖完仅作分享。自家果园。支持一件代发，电商合作,8.0,1斤,高州市,3,1157,0,0
荔枝卖完仅作分享，果园新鲜荔枝，果园直发一手货源微商合作,8.0,1斤,高州市,3,1157,0,2
荔枝摘完仅作分享。自家果园，荔枝种植户，一手货源自产自销,18.0,1斤,高州市,3,1157,1,231
广东省电白妃子笑，口感好。甜度高，5月20大量上市。欢迎来电,5.0,10000斤,电白区,4,1019,0,0
黑叶荔枝  粤西电白荔枝，黑叶大量上市，精品，果大,2.5,10000斤,电白区,4,1019,0,6
新鲜！荔枝妃子笑白糖罂糯米糍黑叶白腊桂味，应季水果，产地直供,6.0,3000斤,高州市,3,363,0,0
白糖罂荔枝  新鲜！荔枝妃子笑白糖罂糯米糍黑叶白腊桂味，应季,6.0,3000斤,高州市,3,363,0,2
白糖罂荔枝  【顺丰空运包邮】高州荔枝 白糖罂 妃子笑 原产地直发不泡冰水,60.0,1箱,高州市,3,666,0,1
 【原产地直发】荔枝鲜果 高州当季荔枝白糖罂妃子笑 顺丰包邮,4.8,1斤,高州市,3,666,2,48
三月红荔枝 红湖农场三月红,10.0,50斤,化州市,3,234,0,0
白糖罂荔枝  2021年广东茂名高州荔枝提前预订，具体价格跟,208.0,1箱,高州市,3,3,0,0
 广东高州荔枝鲜果  妃子笑 非白糖罂 省内包邮 非海南徐闻,3.8,1斤,高州市,3,666,0,7
荔枝，妃子笑,6.0,100斤,电白区,4,56,0,0
廣東茂名電白妃子笑荔枝 精品果,6.0,10000斤,电白区,3,54,0,0
荔枝广东茂名市电白区,5.0,100斤,电白区,3,54,0,1
妃子笑荔枝,5.0,100斤,电白区,3,54,0,0
電白妃子笑荔枝各種品種 需要的聯繫,3.0,10000斤,电白区,3,54,0,0
 荔枝。,5.0,1000斤,高州市,3,27,0,0
 现摘现发荔枝白糖罂荔枝妃子笑荔枝自然成熟,4.5,500斤,电白区,4,24,0,0
 现摘现发荔枝白糖罂荔枝自然成熟,4.5,500斤,电白区,4,24,0,0
白糖罂荔枝 2cm,5.0,1000斤,高州市,3,27,0,0
家乡特产荔枝,5.5,1000斤,茂南区,3,45,0,0
 荔枝,8.8,10000斤,电白区,3,93,0,0
白蜡荔枝,0.5,1000000斤,茂南区,3,239,0,0
妃子笑荔枝 高州荔枝,1.5,5000斤,高州市,2,11,0,1
白糖罂荔枝,1.0,10000斤,茂南区,3,239,0,0
妃子笑荔枝,1.5,1000000斤,茂南区,3,239,0,0
圆枝荔枝 1.5cm,1.0,1000斤,茂南区,3,239,0,2
荔枝，好吃，喜欢,2.0,1斤,高州市,4,166,0,0
妃子笑荔枝 茂名高州荔枝品种多，甜度高。口感好。,7.0,1000斤,茂南区,3,11,0,0
白糖罂荔枝,12.0,1000斤,茂南区,3,11,0,0
白糖罂荔枝 2cm,10.0,1000斤,高州市,3,50,0,0
荔枝 妃子笑，白糖罂，,6.0,1000斤,电白区,3,17,0,0
 妃子笑荔枝,4.5,3000斤,电白区,3,17,0,0
妃子笑，白糖罂，黑叶，白蜡，桂味:,3.0,10000斤,电白区,3,17,0,0
 新鲜果园荔枝糯米糍核仁小肉多汁多美味可口,150.0,1箱,电白区,3,2,0,1
 荔枝新鲜现摘现发广东白糖罂时令当季水果,58.0,1箱,高州市,2,10,0,0
白蜡荔枝,6.0,1000斤,高州市,2,557,0,3
妃子笑荔枝 产地大量荔枝货源黑叶白蜡妃子笑白糖罂上市产地值供,1.2,5000斤,电白区,4,1270,0,4
妃子笑荔枝 代客收荔枝 代收妃子笑 白糖罂 黑叶 桂味等各品,0.4,1斤,高州市,3,225,0,3
三月红荔枝 有少量三月红上市,20.0,50斤,高州市,2,11,0,0
高州荔枝白糖罂荔枝果园直发5斤,88.0,1箱,高州市,3,49,2,4
三月红荔枝 果地现场实拍,238.0,20箱,高州市,3,44,0,0
 高州自家果园白糖罂白蜡黑叶桂味荔枝,4.0,100斤,高州市,3,97,0,0
 高州荔枝准备上市，赶紧围观吧,5.0,5000斤,高州市,2,2,0,0
妃子笑荔枝 荔枝，妃子笑，白糖罂，玉荷苞,3.0,1000斤,电白区,2,147,0,0
白糖罂荔枝 高州荔枝 果园直供,100.0,1箱,茂南区,2,0,0,0
白糖罂荔枝  大量贵味荔枝上市啦！需要的联系！,168.0,1箱,高州市,2,126,0,0
白糖罂荔枝 2cm,12.0,10斤,高州市,3,118,0,4
 白糖罂荔枝,12.7,10斤,高州市,2,1161,238,338
 白糖罂 妃子笑荔枝,55.0,1箱,高州市,2,22,1,0
白糖罂荔枝  白糖罂，白腊，妃子笑，桂味荔枝大量供应,3.0,10000斤,高州市,2,10,0,0
 茂名荔枝已大量上市，各位老板不要错过我这边上市时间、,3.8,10000斤,电白区,2,3,0,0
" 茂名高州荔枝,原产地批发，一件代发",5.0,1斤,高州市,2,1,0,0
 广东省茂名市高州市根子镇荔枝大基地,3.8,10000斤,高州市,2,3,0,0
白糖罂荔枝 岭南佳果，五月荔红香正浓,5.0,5000斤,茂南区,3,12,0,0
 高州荔枝白糖罂五天后正式上市，欢迎各位老板联系合作。,3.0,2000斤,高州市,2,30,0,0
高州荔枝 白蜡妃子笑黑叶荔枝大量上市上市,4.8,1斤,高州市,3,204,0,1
 荔枝,5.0,10000斤,高州市,2,10,0,0
现货白糖罂荔枝5斤桂花香味道，空运整箱包邮,56.9,1箱,高州市,3,2,5,0
 （顺丰空运包邮）广东白糖罂荔枝5斤当季新鲜水果产地直供,75.0,1箱,高州市,2,138,0,1
 茂名高州荔枝，要什么品种的都有，价格优美，白菜价,150.0,10斤,高州市,2,0,0,0
白糖罂荔枝 广东省茂名市高州市 特级果 ,10.0,10斤,高州市,2,8,0,0
 白糖罂荔枝，品质包甜，果大。,8.5,10斤,高州市,2,6,0,0
 白糖罂荔枝产地，果大，肉甜。欢迎来人来电，到现场参观面谈。,8.5,1000斤,高州市,2,6,0,0
白糖罂荔枝 2cm,128.0,1斤,高州市,2,1,0,0
桂味荔枝 2cm,13.0,500斤,电白区,3,55,0,0
 高州生态荔枝,39.9,5斤,高州市,2,0,0,0
 荔枝，白糖罂荔枝，5元一斤广东省包邮。,5.0,50斤,高州市,3,3,0,0
自家种植白蜡荔枝,4.0,100斤,高州市,2,288,0,1
白糖罂荔枝  广东高州根子贡园荔枝,98.0,5斤,高州市,2,6,0,0
白糖罂荔枝  茂名高州白糖婴荔枝妃子笑自家种值果园现货出售中,9.0,1斤,高州市,2,3,0,0
黑叶荔枝 广东省茂名市高州市 商品果,3.0,50斤,高州市,2,288,0,34
妃子笑荔枝 妃子笑,58.0,5箱,高州市,3,82,0,0
白糖罂荔枝 2cm,7.0,5斤,高州市,2,231,0,36
白糖罂荔枝 2cm,7.0,5斤,高州市,2,231,1,48
黑叶白蜡荔枝，已经大量上市，本地区荔枝价格便宜，果头够大,1.5,1000斤,高州市,2,1,0,1
妃子笑荔枝  岭南佳果,6.0,20斤,电白区,2,278,0,9
妃子笑荔枝 广东茂名电白的妃子笑，早熟果色靓果甜，已大量上市中,4.0,2000斤,电白区,2,133,0,0
桂味荔枝 荔枝王，桂味,118.0,1箱,高州市,3,41,0,0
白糖罂荔枝 2cm,5.5,1000斤,高州市,2,0,0,0
黑叶荔枝 广东省茂名市高州市 地头通货 ,2.3,1000斤,高州市,2,74,0,0
荔枝,10.0,100斤,高州市,2,0,0,0
 高州荔枝,9.0,200斤,高州市,2,2,0,0
白糖罂荔枝 广东省茂名市高州市 地头通货 ,3.0,1000斤,高州市,2,74,0,0
 高州荔枝5月15日开售,8.5,1000斤,高州市,3,112,0,0
妃子笑荔枝  妃子笑，白糖罂荔枝上市了,2.0,5000斤,电白区,2,206,0,0
桂味荔枝 白糖罂，妃子笑,15.0,10000斤,高州市,2,223,0,1
 广东高州妃子笑荔枝果园直发,37.0,1斤,信宜市,3,2,0,0
妃子笑荔枝 茂名荔枝妃子笑白糖婴桂味等供应链一代发大宗货,1.0,10000斤,化州市,3,194,0,2
白糖罂荔枝  高州荔枝白糖罂，自家果园开摘，无虫口，个头大，汁多鲜甜！,13.6,5斤,高州市,2,9,0,0
白糖罂荔枝  荔枝五月中旬开始大量上市有  白糖罂   妃子笑,2.0,90000斤,高州市,2,102,0,13
 特产妃子笑荔枝,6.0,500斤,化州市,2,4,0,0
桂味荔枝,2.0,200斤,信宜市,3,14,0,0
妃子笑荔枝 茂名妃子笑   ，保证新鲜现摘顺丰冷链发货,138.0,10斤,化州市,2,11,1,1
自家果园桂味荔枝,10.0,10斤,高州市,2,288,0,0
" 📢📢📢自家果园‘’妃子笑""荔枝上市了",138.0,10斤,化州市,2,11,0,1
白糖罂荔枝 1.5cm,3.5,1000公斤,高州市,3,143,0,0
 百年老树桂味荔枝,8.8,10斤,高州市,2,127,0,0
妃子笑荔枝当季水果，可代收荔枝黄皮桂味,4.3,2000斤,电白区,3,0,0,0
荔枝,20.0,5斤,高州市,2,6,0,0
 高州荔枝,188.0,20箱,高州市,2,12,0,0
白糖罂荔枝  鲜肉，趣甜可囗。,18.0,10斤,高州市,2,233,0,0
妃子笑荔枝  岭南佳果,3.0,5000斤,电白区,2,278,0,0
白糖罂荔枝 高州荔枝场，出让2022一个果期，高州水库区,3.0,3斤,高州市,2,4,0,0
白蜡荔枝,5.0,20斤,电白区,2,1,0,0
 品种：桂味荔枝,40.0,1000公斤,高州市,2,25,0,0
茂名荔枝,5.5,500斤,高州市,3,56,0,0
妃子笑荔枝 妃子笑,6.0,1000斤,高州市,2,557,0,3
白糖罂荔枝  高州茘枝,1.5,5000斤,高州市,2,20,0,1
 广东荔枝之乡高州白糖罂上市了。皮薄肉多。味道甜核小。,7.0,1000斤,高州市,2,557,0,0
高州桂味荔枝 核小肉厚 清甜口感 略带桂花香味 顺丰空运包邮,58.0,1箱,高州市,2,10,0,0
 自家果园荔枝,6.8,50斤,高州市,2,13,0,0
 中国大荔枝基地，佳果白糖罂，产地直销，现摘现发,5.0,10斤,高州市,2,59,0,0
妃子笑荔枝 大量上市妃子笑,5.3,5000斤,电白区,3,252,0,0
白糖罂荔枝 高州白糖罂，懂货的来撩,5.0,1000斤,高州市,2,14,0,0
广东茂名桂味荔枝，大量供货,3.0,2000斤,电白区,2,29,0,0
妃子笑荔枝  广东白糖罂荔枝  妃子笑白糖罂荔枝大量上市,9.0,5000斤,电白区,2,1275,0,0
白糖罂荔枝 2cm,18.0,3斤,高州市,2,58,0,0
桂味荔枝 1.5cm,15.0,5斤,高州市,2,58,0,0
广东茂名妃子笑荔枝大量上市,8.0,5000斤,电白区,2,1275,0,0
白糖罂荔枝  白糖罂,6.0,500斤,高州市,2,61,0,0
黑叶荔枝 新兴   白蜡,2.5,500斤,茂南区,2,19,0,1
妃子笑荔枝  高州妃子笑，一骑红尘妃子笑，无人知是荔枝来。,7.0,100斤,高州市,2,61,0,0
白糖罂荔枝 茂名高州白糖罂,135.0,10斤,高州市,2,13,0,0
白糖罂荔枝、,5.0,50斤,电白区,2,1,0,0
广东白糖罂荔枝大量上市,8.0,5000斤,电白区,2,1275,0,0
茂名荔枝妃子笑，白糖罂，可供电商，某宝一件代发,3.0,10斤,电白区,2,29,0,1
" 【直发】中国荔枝高州根子镇白糖婴白蜡
自家荔枝新鲜现摘",7.0,1000斤,高州市,2,6,0,0
桂味荔枝,15.0,1斤,高州市,2,13,1,0
白糖罂荔枝 荔枝（白糖罂）,7.5,18斤,高州市,2,4,0,0
广东茂名黑叶，己大量上市,2.0,3000斤,电白区,2,29,0,0
妃子笑、个头大子小，串果颗粒果都可以，三分之一红度,4.0,10000斤,电白区,2,287,0,0
 产地直销，没有中间商，新鲜荔枝，大批量拿货，价格实惠,5.0,20斤,高州市,2,59,0,6
 高州妃子笑荔枝 黑叶荔枝 桂味荔枝,5.0,50斤,茂南区,3,39,0,1
白糖罂荔枝 高州白糖罂开售，欢迎批发,5.0,500斤,高州市,2,13,0,0
 高州荔枝,3.5,4999斤,高州市,2,0,0,0
白糖罂荔枝  高州白糖罂，一件代发5月中旬开始发货,99.0,1箱,高州市,2,4,0,0
大量茂名妃子笑 ，鲜甜多汁,2.0,3000斤,电白区,2,29,0,0
茂名原产地直采摘，每日可供3千至5千斤，可支持一件代发,3.0,3000斤,电白区,2,29,0,0
 妃子笑荔枝,7.0,1斤,高州市,2,13,0,0
妃子笑荔枝 广东省湛江市廉江市 一级果 ,98.0,1箱,化州市,2,12,0,0
 高州根子荔枝批发、出售。出售时间段限荔枝春,99.0,10斤,高州市,3,51,0,0
妃子笑荔枝 1.5cm,8.0,10斤,信宜市,2,30,0,0
高州妃子笑荔枝,168.0,1箱,高州市,2,8,0,0
 荔枝白糖罂荔枝 自家果园直销 支持快递代发 到园釆购,8.0,10斤,电白区,3,6,0,0
桂味荔枝 2022年度百草堂荔枝生鲜项目火热招商中。。。。。,88.8,10箱,高州市,2,8,0,0
三月红荔枝 高州三月红,130.0,1箱,高州市,2,8,0,0
 茂名产地桂味荔枝上市销售，自然熟不泡水，可1件代发,104.0,1箱,化州市,2,1,0,0
白糖罂荔枝 白糖罌 白腊 妃子笑荔枝大量上市,3.0,5000斤,高州市,2,8,0,0
 茂名产地大量桂味荔枝供应 产地直发，可1件代发,4.0,12斤,化州市,2,1,0,0
 荔枝 新鲜妃子笑当季水果广东果园现摘大果白糖罂3斤/5斤包邮,42.8,1箱,茂南区,2,1009,0,0
 茂名高州荔枝大量上市,7.0,100斤,高州市,2,0,0,0
 高州荔枝，现摘现卖，新鲜，欢迎订购，,3.0,10斤,高州市,2,25,0,2
妃子笑荔枝 2cm,60.0,10斤,电白区,2,0,0,0
 高州产地荔枝批发零售白糖罂，妃子笑，新兴，黑叶，贵味,7.0,50斤,高州市,2,11,0,0
 广东茂名高州自家种的荔枝，欢迎订购批发价格，欢迎批发商订购，,6.0,500斤,高州市,2,0,0,0
妃子笑荔枝 【现货现发】新鲜妃子笑当季水果果园现摘大果黒叶白糖罂,11.0,1斤,高州市,2,29,0,0
中国荔枝第一镇，大唐荔乡根子镇，白糖罂荔枝×5斤,32.0,5斤,高州市,3,0,0,0
 妃子笑荔枝 新鲜现摘果园直发5斤广东当季水果白糖罂顺,49.8,5斤,高州市,2,20,0,0
 广东茂名荔枝,1.5,5000斤,高州市,3,148,0,7
新鲜高州妃子笑白蜡桂味本地荔枝即摘即发预售,5.0,1000斤,高州市,3,2,0,0
 广东茂名青山木广洞桂味荔枝,15.0,100斤,高州市,3,82,0,0
茂名妃子笑，白糖罂，黑叶一件代发,40.0,10箱,电白区,2,29,0,0
 荔枝,3.9,10公斤,高州市,2,20,0,0
白糖罂荔枝  广东高州白糖罂黑叶桂味荔枝,2.5,20斤,茂南区,2,12,0,0
 新鲜荔枝水果茂名高州果园现摘现发大果妃子笑白糖罂黑叶随机包邮,4.8,1斤,茂南区,2,0,0,1
黑叶荔枝 黑叶,38.0,2箱,电白区,2,12,0,0
妃子笑荔枝 2020年收完了！白腊、黑叶1.5至2元，妃子笑2.8元收,2.8,10000斤,电白区,3,47,0,2
妃子笑荔枝 妃子笑    优良品种   产地直销  杨贵妃能吃的你也能吃,4.0,20斤,高州市,2,59,0,3
妃子笑荔枝 大量水果树苗,8.0,500斤,化州市,2,34,0,0
 荔枝,7.0,5公斤,高州市,2,20,0,0
 岭南鲜果广东高州新鲜水果白糖罂荔枝自家果园现摘现发大果,10.0,50斤,高州市,2,17,0,1
 #大量现货 白糖罂荔枝 专业代办,7.0,5000斤,电白区,2,85,0,0
白糖罂荔枝  白糖罂,68.0,1箱,电白区,2,12,0,1
茂名妃子笑，白糖罂，白腊，可供电商一件代发,2.0,3000斤,电白区,2,29,0,0
高州平山镇白腊荔枝,4.5,10000斤,高州市,3,183,0,0
 广东岭南荔枝高州产地贵味上市，荔枝中的王者。,19.0,5斤,高州市,2,0,0,0
白糖罂荔枝 广东省高州特产，荔枝，清甜肉滑。,6.0,100斤,高州市,2,13,0,0
白糖罂荔枝  新鲜白糖罂（5斤/箱） 整箱发 粤西荔枝 白糖罂,58.0,1箱,高州市,2,9,0,0
荔枝 高州桂味,18.0,16斤,高州市,2,1,0,0
 新鲜当季荔枝,12.0,5斤,高州市,2,1,0,0
妃子笑荔枝 广东省茂名市电白区 特级果,2.0,1000斤,电白区,2,1275,0,4
黑叶荔枝  茂名市，高州，荔枝,4.8,50斤,高州市,2,36,0,0
" 日啖荔枝三百颗,不辞长作岭南人。",5.0,1斤,化州市,2,8,1,1
桂味荔枝 高州荔枝木广垌桂味,10.0,10斤,高州市,2,7,0,0
 高州荔枝开始啦！欢迎打扰,138.0,10斤,茂南区,2,1,0,0
妃子笑,5.5,10000斤,高州市,3,15,0,0
白糖罂荔枝 漂亮的白糖罂,3.5,1000斤,高州市,2,27,0,0
 桂味荔枝,13.0,100斤,高州市,2,0,0,0
高州v特产,148.0,10斤,高州市,3,17,0,0
黑叶荔枝 2cm,4.0,1000斤,高州市,2,557,0,0
高州本地荔枝白糖罂,168.0,10斤,高州市,3,17,0,0
妃子笑荔枝  家乡高州妃子笑、白糖罂大量上市！田头价,2.8,1000斤,高州市,2,3,0,0
白糖罂荔枝 2cm,9.0,5斤,高州市,2,11,0,0
黑叶，白蜡，妃子笑，白糖罂荔枝大量上市中~,1.8,500000斤,电白区,2,0,0,0
 广东茂名高州自家种的荔枝欢迎订购,8.0,500斤,高州市,2,0,0,0
鸡嘴荔枝 荔枝鸡嘴,3.5,2000斤,化州市,3,115,0,0
三月红荔枝 高州三月红,128.0,1箱,高州市,2,8,0,0
妃子笑荔枝  妃子笑,58.0,1箱,电白区,2,12,0,1
根子大唐荔枝,15.5,1斤,高州市,3,37,1,1
桂味荔枝,5.0,1斤,高州市,2,18,0,0
 产地大量荔枝货源，有需要请联系我定购,1.5,3000斤,电白区,3,102,0,0
一件代发桂味荔枝138,138.0,1箱,高州市,2,5,0,0
三月红荔枝 高州荔枝,10.0,3000斤,化州市,3,963,0,1
妃子笑荔枝  茂名产地龙眼石硖储良货源充足质优价廉欢迎来电咨询,0.8,3000斤,电白区,3,102,0,1
 自己家果园种的妃子笑荔枝,4.9,1000斤,电白区,2,1,0,0
白糖罂荔枝 早熟白糖罂皮薄肉核细肉多,7.0,5000斤,高州市,2,12,0,0
 桂味荔枝（桂花香味）,18.0,10斤,高州市,2,26,0,0
白糖罂荔枝 白糖罂,108.0,1箱,高州市,2,6,0,0
白糖罂荔枝 核小，皮薄，甜度一级,4.1,200斤,电白区,2,0,0,0
 荔枝供应,9.0,1000斤,茂南区,2,32,0,0
妃子笑荔枝 1.5cm,3.5,10000斤,高州市,2,27,0,0
2021年高州桂味荔枝,8.0,100斤,茂南区,2,4,0,1
 新鲜荔枝现货白糖罂荔枝顺丰包邮,89.0,1箱,高州市,3,0,0,0
 广东茂名荔枝,15.0,1斤,电白区,2,35,0,0
 高州荔枝源头供应商直接对接平台量大有能力者来,6.9,1斤,高州市,2,1,0,0
欢迎电商咨询 荔枝快件,17.0,4000箱,电白区,3,122,0,0
 桂味荔枝  中国荔枝之乡1件代发荔枝鲜果茂名高州特产桂味荔枝,98.0,1箱,高州市,2,9,0,0
白糖罂荔枝 广东茂名高州根子白糖罂，5月15号左右发货,88.0,5斤,高州市,3,10,0,0
 高州荔枝4元每斤,3.8,1000斤,高州市,3,3,0,1
 高州根子荔枝，大唐荔乡，白糖罂妃子笑批发零售,5.8,1000公斤,高州市,2,0,0,0
 白糖罂高州荔枝广东5斤装EMS空运冷链代发省外补邮费,58.8,1箱,高州市,2,50,0,1
桂味荔枝 诚信，双赢。品质，服务。,18.0,1斤,高州市,2,26,0,1
送礼首选（10斤/箱）白糖罂荔枝,80.0,1箱,高州市,2,9,0,0
白糖罂荔枝 高州白糖罂便宜批发,4.3,5000斤,高州市,2,5,0,0
白糖罂荔枝 高州根子白糖婴（中华红）当天下单当天采摘当天发货,10.0,5斤,高州市,2,14,0,2
2021年高州白糖罂荔枝,8.0,100斤,茂南区,2,4,0,0
 妃子笑荔枝，产地直供，包新鲜,6.0,5斤,高州市,2,18,0,0
荔枝妃子笑,2.8,20000斤,电白区,4,279,0,0
 荔枝大量上市本店提供[广东荔枝各种品种专业代发代收欢迎订购],5.5,10000斤,高州市,2,2,0,0
 高州市荔枝第一镇黑叶荔枝 大唐荔乡黑叶5斤装每箱,88.0,1箱,高州市,2,6,0,0
" 妃子笑荔枝 ，！
长安回望绣成堆，千顶山门次第开，",7.8,100斤,化州市,3,27,0,0
桂味荔枝 大量批发，质量保证，杜绝坏果，全国包邮,10.0,50斤,高州市,2,5,0,0
妃子笑荔枝 【果农不易】数个月精心修剪、喷杀，只为这采摘一旬！,66.0,1箱,电白区,2,6,0,0
妃子笑荔枝 妃子笑,11.8,5斤,高州市,2,9,0,0
白糖罂荔枝 早熟。果肉爽脆，味清甜，,7.0,500斤,高州市,2,12,0,1
" 白糖罂荔枝#准备开园上市
接受预定[",2.5,100斤,电白区,2,67,0,1
妃子笑荔枝 妃子笑果园直销,5.0,5000斤,高州市,2,5,0,0
根子大唐古树荔枝,16.0,10斤,高州市,3,37,0,0
 广东茂名荔枝，妃子笑，白糖罂，白蜡，桂味等优质品种,7.0,500斤,电白区,2,0,0,0
白糖罂荔枝  代收代购代办产量达到高 价位也低,1.8,10000斤,电白区,3,122,0,4
 果园现摘现发当季荔枝新鲜现货黑叶应季水果新鲜,1.8,500公斤,电白区,2,14,0,0
妃子笑荔枝 妃子笑皮薄肉多核细,8.0,500斤,高州市,2,12,0,0
广东茂名桂味荔枝,4.0,100斤,高州市,2,12,0,0
妃子笑荔枝 妃子笑便宜批发,5.5,5000斤,高州市,2,5,0,0
 岭南佳果黑叶荔枝/乌叶荔枝,8.9,10斤,高州市,2,9,0,0
白糖罂荔枝 中华红,30.0,5斤,高州市,3,3,0,0
 白糖罂荔枝,13.0,5斤,高州市,2,0,0,0
妃子笑荔枝 2cm,2.8,1000公斤,化州市,2,7,0,0
白糖罂荔枝 1.5cm,7.0,1000斤,高州市,2,12,0,0
好靓的果园原生态荔枝，欢迎预订！,3.0,10斤,高州市,2,9,0,0
白糖罂荔枝  白糖罂,5.0,1000斤,电白区,2,67,0,0
 白糖罂荔枝,6.0,1斤,高州市,2,18,0,0
【顺丰京东空运】大唐荔乡根子镇白糖罂荔枝×5斤,32.0,5斤,高州市,3,0,0,0
妃子笑荔枝 果园基地直发，包新鲜,6.0,5斤,高州市,2,18,0,0
桂味荔枝 可预约，可以选树管理，成熟自摘！,9.0,1斤,高州市,2,16,0,0
 广东茂名各品种荔枝批发，一件代发价格便宜一直有货。,2.0,500斤,电白区,2,114,0,9
 廣東高州桂味荔枝一件代發，代收代采購,13.0,8斤,高州市,3,2,0,0
黑叶荔枝,2.2,10000斤,高州市,2,101,0,1
荔枝王 全新上市赶紧预购,8.0,1斤,高州市,3,9,0,0
 广东茂名化州白糖罂，为荔枝的一个品种，又名蜂糖罂、中华红,89.0,1箱,化州市,2,0,0,0
 有大量各种荔枝欢迎提前预订,3.0,10000斤,化州市,2,31,0,0
白糖罂荔枝 大量批发,1.8,1000斤,高州市,2,5,0,0
 当季白腊荔枝,13.0,100斤,高州市,2,5,0,0
广东茂名妃子笑,36.0,1箱,高州市,2,1,0,0
白糖罂荔枝 广东省茂名市高州市 地头通货,6.0,500斤,高州市,3,3,0,1
 广东茂名高州荔枝,8.0,1000斤,高州市,2,23,0,0
白糖罂荔枝 高州白糖罂，果园直供，欢迎来尝鲜,11.8,10斤,高州市,2,6,0,1
妃子笑荔枝 高州荔枝，妃子笑，白糖罂，克叶,5.0,100斤,高州市,2,4,0,0
 高州荔枝，品质保证，支持现场看货。,7.8,10斤,高州市,2,0,0,0
 岭南佳果佳天下，荔枝香飘千万家,4.5,2000斤,高州市,2,47,0,3
 【荔枝红了】高州荔枝、欢迎各位有兴趣的老板过来收购,5.0,1000斤,高州市,2,2,0,0
白蜡荔枝 白腊荔枝,2.0,5000斤,高州市,2,101,0,0
白糖罂荔枝 中华红,11.0,1000斤,高州市,2,3,0,0
妃子笑荔枝 特级妃子笑5万斤，明天开园，欢迎新老客户提前预定[握手][握,6.0,1000斤,高州市,2,28,0,0
 便宜实惠的荔枝，欢迎前来订购,1.9,2000斤,高州市,2,28,0,0
桂味荔枝 广东桂味10斤135元发空运包邮包甜。,135.0,1箱,高州市,2,381,0,0
白糖罂荔枝 优质白糖罂@我,9.0,1斤,高州市,2,0,0,0
高州市桂味荔枝，满满的桂花香。,60.0,5箱,高州市,2,16,0,0
妃子笑荔枝 妃子笑今日行情,5.0,10000斤,茂南区,2,2,0,0
 产地直供妃子笑荔枝,3.6,3000斤,化州市,2,7,0,0
白糖罂荔枝 白糖罂妃子笑,4.5,10000斤,茂南区,3,126,0,0
桂味荔枝 高州自种桂味148元10斤包邮,148.0,1箱,高州市,2,381,0,0
高州市荔枝第一镇白糖罂荔枝 大唐荔乡白糖罂荔枝5斤装每箱,118.0,1箱,高州市,2,6,0,0
白糖罂荔枝  白糖罂,3.3,5000斤,化州市,3,397,0,0
茂名高州荔枝 一级果 品牌品质荔枝。一件代发、批发,88.0,300箱,高州市,2,0,0,0
 荔枝,7.5,1斤,茂南区,2,3,0,0
白糖罂荔枝  5斤起,13.8,5斤,高州市,2,9,0,0
 荔枝乡欢迎全国各地大老板前来本地大量收购荔枝,4.5,1000斤,茂南区,3,126,0,0
桂味荔枝 木广垌贵味,18.0,100斤,高州市,2,2,0,0
白糖罂荔枝 2cm,5.0,5000斤,电白区,2,35,0,0
妃子笑荔枝  妃子笑,2.8,5000斤,化州市,3,397,0,0
妃子笑荔枝 2cm,100.0,5斤,高州市,2,0,0,0
 荔枝鲜果白糖罂预计5月18号上市，价格未定，上市第一时间通,8.0,500斤,高州市,2,11,0,1
白糖罂荔枝 果园基地直发，包新鲜，斤两只多不少。,6.0,5斤,高州市,2,18,1,4
 荔枝，黑叶，白糖罂，白蜡，桂味,3.0,1000斤,电白区,3,20,0,0
高州市荔枝第一镇妃子笑荔枝 大唐荔乡妃子笑5斤装每箱,106.0,1箱,高州市,2,6,0,0
 荔枝之乡高州桂味,17.8,10斤,高州市,2,6,0,0
白糖罂荔枝  根子荔枝白糖罂,16.0,10斤,高州市,3,37,0,0
妃子笑荔枝 人工筛选，质量保证，货源充足，欢迎大量订购,8.5,2000斤,高州市,2,28,0,1
大量供应妃子笑荔枝,3.6,3000斤,化州市,2,7,0,0
白糖罂荔枝 2cm,5.8,1000斤,电白区,2,1,0,0
白糖罂荔枝 高州荔枝产地,8.0,2000斤,高州市,2,0,0,0
妃子笑荔枝 妃子笑  白糖罂大量供应！,6.5,100斤,高州市,2,20,0,0
 荔枝 高州贡园白糖罂,9.0,10斤,茂南区,2,13,0,0
桂味荔枝  桂味 自家桂味 园 两万斤左右,4.3,5000斤,化州市,3,27,0,0
白糖罂荔枝  白糖罂，妃子笑,4.5,10斤,高州市,2,13,0,0
妃子笑荔枝 妃子笑果园今年大丰收，欢迎各地老板前来收购,4.5,2000斤,茂南区,3,126,0,0
 白糖罂荔枝,100.0,5斤,高州市,2,0,0,0
 高州荔枝预售产地供应，欢迎全国各地老板采购，  支持一件代发,6.0,100斤,高州市,2,2,0,0
妃子笑荔枝 妃子笑已上市，都是“人工精心筛选的，质量保证，欢迎前来订购,6.0,1000斤,高州市,2,28,0,0
 大量荔枝出售，质量保证，人工筛选，各大批发商们赶紧前来订购,9.1,2000斤,高州市,2,28,0,3
妃子笑荔枝大量上市,6.0,5000斤,化州市,2,7,0,0
黑叶荔枝,2.2,10000斤,高州市,2,101,0,0
妃子笑荔枝 货源充足，泡沫箱包装，带有冰袋，人工筛选，质量保证，产地直发,9.0,2000斤,高州市,2,28,0,0
白蜡荔枝 五月中旬就大量上市了，价格优惠，抓紧时间了解。,6.0,500斤,高州市,2,20,0,4
 荔枝品种多多,2.8,3000斤,化州市,3,397,0,0
妃子笑荔枝 ，人工精心筛选，质量保证,9.0,2000斤,高州市,2,28,0,0
桂味荔枝 中华红,13.0,1000斤,高州市,2,3,0,0
 高州荔枝，白糖罂，妃子笑，桂味品种齐全,10.0,50斤,高州市,2,1,0,0
妃子笑荔枝  妃子笑、白糖罂、黑叶、白蜡等荔枝供应代办代收,1.0,10000斤,电白区,3,122,0,2
妃子笑荔枝 高州妃子笑，白，禾荔等，,3.2,2000斤,高州市,4,545,0,1
荔枝大量上市，欢迎老板们前来选购,5.5,5000斤,化州市,2,7,0,0
 高州白糖罂荔枝，产地直供，果园现摘,6.0,3000斤,高州市,2,0,0,0
白糖罂荔枝  荔枝,2.0,1000斤,高州市,2,101,0,0
白糖罂荔枝  广东荔枝新鲜核小肉多白糖罂 桂味妃子笑现摘整箱,70.0,1箱,电白区,2,0,0,1
 新鲜荔枝，现摘现寄，送亲友，送长辈，送老师，送男女友皆可噢,130.0,10斤,高州市,2,0,0,1
妃子笑大量上市,3.5,3斤,化州市,2,7,0,0
白糖罂荔枝 根子荔枝白糖罂上市了！,88.0,1箱,高州市,2,43,0,0
茂名高州黑叶荔枝 大量批发,1.8,10000斤,电白区,2,65,0,1
荔枝 果肉饱满多汁，鲜甜可口，欢迎采购,2.5,5000斤,高州市,2,5,0,0
黑叶荔枝 广东高州原产地,6.0,10斤,高州市,2,2,0,0
桂味荔枝 广东省茂名市高州市 ,5.0,10斤,高州市,2,0,0,0
桂味荔枝,3.5,10000斤,化州市,3,397,0,0
妃子笑荔枝 2cm,3.0,10000斤,化州市,3,387,0,1
 高州白蜡荔枝,2.5,10000斤,高州市,2,272,0,0
白糖罂荔枝 广西白糖婴,5.5,10000斤,高州市,2,13,0,0
 荔枝,11.0,5000公斤,高州市,2,7,0,0
 农家荔枝新鲜水果白塘罂现摘现发无添加剂防腐剂【顺丰冷链】,6.0,10斤,化州市,2,3,0,1
 农家荔枝新鲜水果妃子笑现摘现发无添加剂防腐剂【顺丰冷链】,6.0,10斤,化州市,2,3,0,0
 广东妃子笑荔枝带箱5斤新鲜水果热带甜鲜黑叶白荔枝一整箱包邮,29.9,5斤,茂南区,2,0,0,0
未嫁接的荔枝实生苗 高州荔枝,6.0,100斤,茂南区,2,4,0,0
白糖罂荔枝 不要拿市场上的价格和产地直销的价格比，荔枝从你们下单的时候我,13.0,11斤,高州市,2,1,0,0
白糖罂荔枝  白糖罂，妃子笑 广东茂名荔乡之镇,9.0,10斤,高州市,2,13,0,0
白蜡荔枝 白糖罂,1.0,10000斤,高州市,2,272,0,10
 茂名荔枝 白蜡 白糖罂 妃子笑,1.5,5000斤,高州市,2,272,0,7
妃子笑荔枝  妃子笑,6.0,10000斤,茂南区,3,181,0,0
妃子笑荔枝  高州市妃子笑，白糖罂茘枝现大量上市了。,4.0,10000斤,高州市,2,1,0,0
 岭南白蜡荔枝,9.9,10斤,高州市,2,9,0,0
妃子笑荔枝  茂名特产,158.0,1箱,电白区,2,10,0,0
 广东茂名高州白糖罂荔枝 新鲜现采现发包邮,39.0,1斤,高州市,2,0,0,0
黑叶荔枝  茂名高州新鲜荔枝，产地直销，果大，多汁清甜,1.0,4800斤,高州市,2,143,0,4
白糖罂荔枝  预售广东茂名根子荔枝！5-10斤装包邮快递可一件代发！,88.0,1箱,高州市,2,43,0,0
黑叶荔枝 荔枝,2.5,10000斤,化州市,3,31,0,0
桂味荔枝 2cm,23.0,5斤,高州市,2,7,0,0
 桂味荔枝,3.0,5000斤,茂南区,3,126,0,0
三月红荔枝 南方新鲜水果三月红 妃子笑 批发 果园直发,4.2,1000斤,高州市,2,65,0,2
高州水库白糖婴荔枝支持一件代发/社区团购/落地配,66.0,1箱,高州市,2,35,0,0
 白糖罂荔枝,138.0,1箱,高州市,2,26,0,1
妃子笑荔枝  妃子笑，桂味，白糖罂，玉荷包，黑叶，白腊等荔枝,4.0,1000斤,高州市,2,23,0,0
妃子笑荔枝 荔枝 妃子笑 白糖罂,4.0,1000斤,茂南区,2,2,0,0
白糖罂荔枝 广东省茂名市高州市 一级果,5.0,1000斤,高州市,3,181,0,0
妃子笑荔枝  白糖罂荔枝，当天采摘产地直发,5.0,100斤,高州市,3,1,0,0
妃子笑荔枝 妃子笑,6.5,200斤,高州市,2,0,0,0
 清甜的高州荔枝,5.0,100斤,高州市,2,0,0,0
妃子笑荔枝 妃子笑,6.0,1斤,茂南区,2,4,0,0
 高州荔枝白糖罂妃子笑桂味,6.0,1000斤,高州市,2,6,0,1
桂味荔枝  桂味，妃子笑，白腊，黑叶，白糖樱荔枝。,3.0,1000斤,高州市,2,23,0,0
 白糖罂荔枝,120.0,50箱,高州市,2,0,0,0
 荔枝（妃子笑）,4.0,500斤,化州市,2,0,0,0
白腊荔枝 现摘现发,3.2,100斤,高州市,2,22,0,0
妃子笑荔枝  广东高州市妃子笑，白糖罂，白腊，等品种开始陆续上市,4.0,1斤,高州市,2,1,0,0
白蜡荔枝 高州荔枝,10.0,5斤,高州市,2,0,0,0
桂味荔枝 欢迎现场看货下单,14.0,6500斤,高州市,2,0,0,0
 桂味荔枝,6.0,100斤,高州市,3,8,0,0
白糖罂荔枝  妃子笑，白糖罂各种品种荔枝,4.0,1000斤,高州市,3,100,0,7
 荔枝，妃子笑白糖罂,4.0,500斤,高州市,2,0,0,0
 桂味荔枝,138.0,1箱,高州市,3,8,0,0
 农家荔枝新鲜水果桂味现摘现发无添加剂防腐剂,18.0,100斤,化州市,2,3,0,0
 新上市高州荔枝白糖罂,168.0,1箱,高州市,2,5,0,0
 高州新鲜荔枝 现货批发 品种白腊 白糖罂 妃子笑 黑叶,6.8,200斤,电白区,2,1,0,0
白糖罂荔枝 白糖罂，6.3一斤包邮，欢迎前来订购,6.3,2000斤,高州市,2,28,0,0
白糖罂荔枝  高州根子荔枝,10.0,50斤,茂南区,3,260,3,4
 茂名高州三月红荔枝,7.8,1000斤,高州市,2,3,0,0
妃子笑荔枝 有几万斤妃子笑果园，收购价随行就市，这两天五元左右收购,5.0,10000斤,茂南区,3,126,0,0
 茂名荔枝三月红,5.0,500斤,电白区,2,35,0,0
 茂名电白荔枝  妃子笑白糖婴,5.0,5000斤,电白区,2,3,0,0
桂味荔枝  2021桂味荔上市了,6.0,1000斤,茂南区,3,181,0,0
白糖罂荔枝 自家果园有白糖罂贵味，高州荔枝，代收合作，有意向的老板详谈合,7.0,1000斤,高州市,2,59,0,0
妃子笑荔枝 茂名新鲜妃子笑5月中旬上市，果园靓货，欢迎各大电商批发商采购,5.8,500斤,高州市,2,11,0,0
白糖罂荔枝 1.5cm,5.0,10000斤,高州市,2,2,0,0
 桂味荔枝,10.0,1斤,高州市,2,16,0,0
 广东高州根子镇荔枝,5.5,1000斤,高州市,2,6,0,0
三月红荔枝 茂名高州荔枝,8.0,1000斤,茂南区,2,4,0,0
 桂味荔枝,8.0,10000斤,高州市,2,16,0,0
白糖罂荔枝  1.描述产品具体特点（如：品种、口感、甜度、果面、颜色、生长,5.0,9999斤,高州市,3,181,0,0
 广东电白白糖婴荔枝即将上市。要货的赶紧下单。质量保证。,5.5,10000斤,电白区,2,4,0,0
 广东茂名电白老树凤鸡头荔枝 桂味 妃子笑 龙眼 菠萝蜜,36.0,1000斤,电白区,2,3,0,0
 多品种茂名荔枝,500.0,100箱,电白区,2,5,0,0
 茂名产地大量荔枝上市求老板收购。￼￼,3.0,50000斤,电白区,2,0,0,0
 电自荔枝,2.2,20000斤,电白区,2,44,0,0
白糖罂荔枝 2cm,3.5,100斤,高州市,2,6,0,0
黑叶荔枝 黑叶,2.0,5000斤,电白区,2,35,0,1
黑叶荔枝 好好好货,3.0,1000斤,茂南区,2,6,0,0
妃子笑荔枝 8快8快后几天了。,8.0,1000公斤,电白区,2,0,0,0
高州平山白糖罂荔枝5斤，省内包邮65元，省外邮费另算,88.0,1箱,高州市,2,11,0,0
白糖罂荔枝 广东省茂名市高州市 商品果,10.0,1000斤,高州市,2,1,0,0
 高州根子镇荔枝 白糖罂。妃子笑  黑叶  大量现货上市,138.0,10箱,高州市,2,1,0,0
 高州荔枝上市啦,4.3,2000斤,高州市,2,47,0,0
 高州荔枝,8.8,1000斤,高州市,2,6,0,0
 高州荔枝之乡,1.0,5000斤,高州市,2,143,0,2
白糖罂荔枝 2cm,9.0,5斤,高州市,2,0,0,1
 茂名黑叶荔枝，肉多汁甜，5斤装。,68.0,5斤,电白区,2,2,0,0
妃子笑荔枝  荔枝,3.0,1000斤,高州市,2,101,0,0
三月红荔枝 三月红荔红,8.0,1000斤,高州市,3,181,0,0
桂味荔枝 桂味王荔枝,5.0,10斤,茂南区,2,0,0,0
 黑叶荔枝,1.3,7000斤,高州市,2,101,0,0
妃子笑荔枝 2cm,4.0,5000斤,电白区,2,3,0,0
茂名电白特产荔枝已上市有特产地里得天独厚自然优势产地地方直供,6.0,3000斤,电白区,4,1270,0,0
 广东省高州市根子镇荔枝，全国有名，品质保证，爽口甜美。,3.0,3斤,高州市,2,6,0,1
白糖罂荔枝 果园白糖罂几万斤货源三天后上市，有意向收购的老板联系我,4.2,10000斤,茂南区,3,126,0,0
三月红荔枝 2cm,10.0,10斤,电白区,2,35,0,0
 高州荔枝，妃子笑,8.0,100斤,高州市,2,0,0,0
白糖罂荔枝 白糖罂，果园货日岀两万斤左右,4.0,1000斤,高州市,3,100,0,0
黑叶荔枝 果大，均匀，甜,13.8,10斤,电白区,2,1,0,0
 桂味荔枝【桂花香】,18.0,10斤,高州市,2,26,0,0
 预售老树白糖罂，白腊，黑叶荔枝,20.0,1斤,高州市,2,0,0,0
 桂味荔枝【桂花香】,18.0,5斤,高州市,2,26,0,3
 广东白糖罂荔枝陆续开始降价了，现摘先买，全广东内包邮奥,5.0,1斤,高州市,2,6,0,0
 广东高州根子镇荔枝，要货请联系,4.0,100斤,高州市,2,6,0,0
 桂味荔枝【桂花香】,18.0,10斤,高州市,2,26,0,1
白糖罂荔枝 白糖罂妃子笑白腊,3.5,5000斤,茂南区,3,126,0,0
荔枝 广东省茂名市高州市 特级果,4.0,1000斤,高州市,2,16,0,0
白糖罂荔枝 茂名白糖罂大果2-3.5公分好果20斤一箱（毛重）,180.0,650箱,高州市,3,0,0,0
 好吃，荔枝之王者,6.0,1000斤,高州市,2,1,0,0
 茂名电白区荔枝,450.0,50斤,电白区,2,16,0,0
 高州桂味荔枝,8.0,10斤,高州市,2,16,0,0
白糖罂荔枝  广东茂名高州贡园荔枝，皮外鲜红饱满多汁，是荔枝,2.0,10000斤,高州市,2,57,0,3
桂味荔枝 广东省茂名市电白区 市场果 ,20.0,100斤,电白区,2,0,0,0
妃子笑荔枝  高州荔乡长坡水库妃子笑白糖罂荔枝大果偏甜个头大红肉脆,6.8,1000斤,高州市,2,4,0,0
 妃子笑荔枝,8.5,10斤,电白区,2,3,0,0
 黑叶荔枝,1.5,5000斤,茂南区,3,126,0,0
白糖罂荔枝 2cm,1.0,1斤,茂南区,2,4,0,0
妃子笑荔枝 1.5cm,5.0,5000斤,茂南区,2,2,0,0
黑叶荔枝 2cm,3.0,5000斤,电白区,2,35,0,0
妃子笑荔枝 广东省茂名市高州市 商品果 ,10.0,1000斤,高州市,2,1,0,0
 相信了解过广东茂名荔枝的老板都知道不用多说,5.0,1000斤,茂南区,2,6,0,0
黑叶荔枝 好,3.0,1000斤,茂南区,2,6,0,0
白糖罂荔枝，产址直销，现摘现寄鲜味甜口。,91.0,1箱,高州市,2,0,0,0
 广东高州白糖罂荔枝，又叫中国红荔枝，净果5斤起/箱..,48.0,1箱,高州市,2,6,0,0
妃子笑荔枝 明天价格白糖罂4块钱不包运费，妃子笑4.4不包运费,4.0,2000斤,高州市,2,28,0,0
黑叶荔枝 果大肉甜多汁肉厚核小,3.0,2000斤,高州市,2,6,0,0
 桂味荔枝【小核】,18.0,10斤,高州市,2,26,0,0
白糖罂荔枝 白糖罂,88.0,1箱,电白区,2,26,0,0
白糖罂荔枝 好好,5.0,10000斤,茂南区,2,6,0,0
妃子笑荔枝 大概十五号左右出来,6.0,1000斤,高州市,2,20,0,0
茂名妃子笑荔枝 大量上市 批发欢迎长期合作,4.0,2500斤,电白区,2,65,0,0
 真正的荔枝王,56.0,2箱,高州市,3,10,0,1
白糖罂荔枝 5月有大量白糖罂供应,3.5,5000公斤,高州市,2,7,0,2
妃子笑荔枝 妃子笑,0.2,10000斤,茂南区,3,126,0,0
 茂名市中国荔枝第一镇,7.0,20000斤,电白区,2,3,0,0
 黑叶荔枝,1.8,1000斤,高州市,2,6,0,0
 白糖罂荔枝 降价了降价了，八块一斤八块一斤，净果5斤起装箱,8.0,5斤,高州市,2,6,0,0
 荔枝 所有品种都有 自家果园,6.0,500斤,电白区,2,0,0,0
妃子笑荔枝 广东茂名新鲜妃子笑 大量批发,4.5,2000斤,电白区,2,78,0,0
 龙眼，荔枝，黄皮,5.0,1斤,电白区,2,0,0,0
桂味荔枝 2cm,36.0,100斤,高州市,2,0,0,0
桂味荔枝  广东省高州市大井镇青山木广垌白蜡   桂味  白糖罂荔枝,3.5,2000斤,高州市,2,4,0,0
 荔枝主产地茂名，供应商找电商、微商合作共赢。,75.0,1箱,电白区,2,0,0,0
妃子笑荔枝 白糖罂，妃子笑已上市，甜过初恋的感觉，欢迎来电。。。,3.6,2000斤,电白区,3,64,0,0
黑叶荔枝  非常甜可口靓荔枝,3.0,100斤,电白区,2,0,0,0
 高州本地荔枝,128.0,1箱,高州市,2,0,0,0
 茂名新鲜荔枝黑叶 大量批发,2.5,2000斤,电白区,2,78,0,7
广东茂名高州市白糖罂荔枝，当季新鲜水果，产地直供。,10.0,1斤,高州市,3,2,0,0
白糖罂荔枝  广东茂名高州贡园荔枝，皮外鲜红饱满多汁，是荔枝中的精品,3.5,10000斤,高州市,2,57,0,0
 荔乡－荔枝（多种品种）,7.0,100斤,高州市,2,0,0,0
 荔枝 妃子笑,39.8,5斤,高州市,2,272,0,0
 荔枝，妃子笑，白糖罂，桂味，白脪，黑叶,5.5,10000斤,电白区,2,2,0,0
新鲜白糖罂荔枝 大量批发果农直发 量大可谈价,4.6,1000斤,电白区,2,65,0,0
妃子笑荔枝  一骑红尘妃子笑，白糖罂，妃子笑，已大量上市。。,3.3,2000斤,电白区,2,251,0,0
白糖罂荔枝 茂名白糖罂,1.0,1000斤,电白区,2,26,0,1
 桂味荔枝干批发。,36.0,100斤,高州市,2,0,0,0
桂味荔枝,21.0,50斤,茂南区,3,260,2,0
 高州妃子笑荔枝五斤装、广东地区包邮、48小时内发货！,68.0,1箱,电白区,2,1,0,1
 高州荔枝园，个大味甜，欢迎打扰，支持一件代发哦。,56.0,1箱,高州市,2,1,0,0
 高州市白糖罂荔枝,7.0,500斤,高州市,2,0,0,0
妃子笑荔枝 广东茂名，品质呱呱叫，位于水源地无污染。日产量几万斤。,16.6,10斤,化州市,2,1,0,0
桂味荔枝 贵味，贵味，贵的有味，趁现在我还有果，你还有钱，赶紧买几斤。,99.0,5斤,高州市,2,6,0,0
白糖罂荔枝  荔枝 桂味荔枝靓货,9.0,10斤,化州市,2,1,0,0
妃子笑荔枝  妃子笑，白糖罂荔枝已大量上市，价格优惠，欢迎老板咨询,3.8,2000斤,茂南区,4,1427,0,3
妃子笑荔枝 妃子笑,1.98,1000斤,电白区,2,26,0,0
白糖罂荔枝  广东茂名荔枝上市啦，产地直供一件代发支持各大电商平台供货！,18.0,100箱,高州市,2,50,0,0
高州桂味荔枝,110.0,1箱,高州市,2,0,0,0
[顺丰发货]广东茂名桂味荔枝,95.0,5箱,高州市,3,1,0,0
白糖罂荔枝 茂名高州特产非常靓 外面不一定能买到这么好吃的哦,65.0,5斤,高州市,2,0,0,0
白糖罂荔枝  白糖罂，妃子笑已大量上市，欢迎有实力的老板过来考察。,3.3,2000斤,电白区,2,251,0,0
三月红荔枝  新鲜荔枝现货当天发货全国一件代发,38.0,1箱,高州市,2,103,0,0
高州白糖罂荔枝,68.0,1箱,高州市,2,24,0,0
 大量批发妃子笑荔枝，欢迎采购,7.5,50斤,化州市,2,3,0,0
妃子笑荔枝 产地即张大量荔枝妃子笑，白糖罂，桂味等等上市到时,6.0,3000斤,电白区,4,1270,0,0
白糖罂荔枝，现摘，新鲜水果,118.0,1箱,高州市,2,6,0,0
白糖罂荔枝  大唐荔枝甜过初恋美过情人，您值得拥有！核小肉厚果汁清甜可口！,60.0,50箱,高州市,2,50,0,0
白糖罂荔枝 电白热带水果已上市，妃子笑，白糖罂，白蜡已上市，通货，地头价,3.3,2000斤,电白区,4,1427,0,2
 广东高州白糖罂荔枝中华红支持顺丰空运,4.5,10斤,高州市,2,0,0,0
广东省高州市大井镇木广垌桂味荔枝,8.0,10斤,高州市,2,4,0,0
 茂名高州石板镇当季现摘现发新鲜水果荔枝白糖罂,7.0,100斤,高州市,2,0,0,0
黑叶荔枝 黑叶已大量上市，价格优惠，量大。果园直供。,2.5,2000斤,电白区,4,1427,0,11
代收荔枝，龙眼,5.0,500斤,高州市,2,16,0,0
 岭南白糖罂荔枝,9.0,3斤,高州市,2,0,0,0
 广东高州白糖罂荔枝，现摘现发，5斤起装包箱，广东内包邮,48.9,1斤,高州市,2,6,0,0
高州荔枝妃子笑 价格优惠 欢迎咨询,4.8,10000斤,高州市,2,2,0,0
 高州白糖罂荔枝，10斤起广东省内包邮。,100.0,1箱,高州市,2,1,0,0
桂味荔枝  荔枝,8.5,5000斤,茂南区,3,27,0,0
白糖罂荔枝  高州荔枝,1.0,1000斤,高州市,2,143,0,0
桂味荔枝  桂味，妃子笑，黑叶,55.0,1箱,电白区,2,0,0,0
白糖罂荔枝 高州平山库区荔枝,13.8,5斤,高州市,2,0,0,0
 自家300亩地荔枝园。自产自销。产能达到20万斤。欢迎订购。,5.7,200斤,高州市,2,6,0,0
 高州荔枝产地,4.0,10000斤,高州市,2,33,0,0
大量上市妃子笑 白糖罂 白腊 黑叶 中国红 日出10万斤果粒,3.0,1000斤,化州市,2,104,0,0
白糖罂荔枝  广东茂名白糖罂妃子笑,3.0,2000斤,高州市,2,133,0,1
白糖罂荔枝 茂名高州贡园白糖罂,68.0,5斤,电白区,2,0,0,0
黑叶荔枝 白蜡，黑叶价格优惠果漂亮,3.8,100斤,电白区,3,2,0,0
白糖罂荔枝  大唐荔枝.白糖罂.特甜.核小,118.0,1箱,高州市,2,20,0,0
妃子笑荔枝  妃子笑大降价,2.8,2000斤,电白区,4,1427,0,0
 高州白糖罂荔枝，一件代发，10斤起广东省内包邮！,10.0,10斤,高州市,2,1,0,1
白糖罂荔枝 高州白糖罂，一件代发，5斤起包邮,60.0,1箱,高州市,2,1,0,0
桂味荔枝,10.0,10斤,高州市,2,7,0,0
荔枝 妃子笑因杨贵妃美名中华红因前国家领导手植得名。,128.0,10斤,高州市,2,0,0,0
妃子笑荔枝 妃子笑,88.0,1箱,电白区,2,26,0,0
 白糖罂妃子笑荔枝,3.0,1000斤,高州市,2,0,0,0
黑叶荔枝,5.5,50斤,茂南区,3,260,0,2
 【顺丰包邮】广东茂名高州白糖罂荔枝新鲜白糖罂桂味荔枝5斤包邮,49.9,1箱,高州市,3,0,0,0
白糖罂荔枝 电白白糖罂,6.0,150斤,电白区,2,1,0,0
 产地直供，粤西水果。荔枝龙眼等,5.5,5000斤,高州市,4,44,0,0
 高州荔枝,6.0,20斤,高州市,2,1,0,0
 欢贡·廉江荔枝,3.8,1000斤,茂南区,2,1,0,0
 白腊荔枝,3.0,50斤,电白区,2,0,0,0
白糖罂荔枝  高州白糖罂5月15号开卖 一件代发全程顺丰冷链，5斤45块,60.0,5斤,高州市,2,0,0,0
妃子笑荔枝 自家两百多亩果园，果大靓现大量供应,5.0,5000斤,化州市,3,4,0,0
茂名本地荔枝,2.8,10000斤,茂南区,2,14,0,0
 白糖罂荔枝便宜批发，自家种植，高州新垌镇发货！100斤起批,6.0,10斤,高州市,2,24,0,1
 荔枝 白糖罂新鲜采摘 10斤装省内包邮 超值,118.0,1箱,化州市,2,0,0,0
妃子笑荔枝,9.0,50斤,茂南区,3,260,0,0
 千亩荔枝妃子笑已上市了，物美价廉，质量保证，诚信经营！,5.0,1000斤,化州市,2,4,0,0
 根子贡园荔枝,5.0,100斤,高州市,2,9,0,0
 岭南荔枝￼,5.5,20000斤,电白区,2,5,0,0
妃子笑荔枝 大果场，十五万斤果左右，清甜爽口无虫眼,6.0,10000斤,电白区,2,0,0,0
 大量收购白糖罂  妃子笑   白腊   黑叶荔枝等,3.0,3000斤,电白区,2,2,0,1
 高州根子柏桥贡园白糖罂荔枝,18.0,10斤,高州市,2,0,0,0
白糖罂荔枝 百糖罂,9.0,500斤,高州市,2,0,0,0
《妃子笑荔枝》一骑红尘妃子笑，无人知是荔枝来。,5.0,200斤,茂南区,3,27,0,2
妃子笑荔枝 每个品种都有,4.0,2000斤,电白区,4,1427,0,0
 白糖罂荔枝..妃子笑荔枝,4.5,10斤,高州市,2,20,0,1
 荔枝 新鲜妃子笑当季果园现摘荔枝,4.0,1斤,化州市,2,5,0,1
 荔枝高州白糖罂荔枝新鲜现摘社团批发,15.0,1斤,高州市,2,0,0,0
白糖罂荔枝 广东省电白县特产冰糖罂，广东省包邮128.省外包邮158,158.0,10箱,电白区,2,0,0,0
 妃子笑白糖罂荔枝,63.0,5斤,高州市,2,0,0,0
妃子笑荔枝 有一种吃了爱笑的妃子笑,6.0,10斤,电白区,2,5,0,0
白糖罂荔枝 2cm,4.8,20000斤,电白区,2,5,0,0
桂味荔枝 荔枝桂味,8.0,100斤,高州市,2,2,0,0
妃子笑荔枝 2cm,4.0,2000斤,电白区,4,1427,0,0
白糖罂荔枝 代收代购荔枝,5.0,1000斤,高州市,2,16,0,0
妃子笑荔枝  5月25号有几万斤妃子笑上市,3.0,100斤,化州市,2,12,0,0
白糖罂荔枝 1.5cm,7.0,1000斤,电白区,2,0,0,0
白糖罂荔枝 1.5cm,50.0,10斤,高州市,2,5,0,0
白糖婴,12.0,1斤,高州市,3,9,0,0
 高州荔枝，妃子笑，白头罂，新兴，桂味，克叶大量供货或代购,7.0,1000斤,高州市,2,0,0,0
荔枝  代收白蜡。妃子笑。黑叶。,3.0,10000斤,高州市,3,539,0,0
 代收代购荔枝龙眼,3.0,100斤,高州市,2,16,0,0
 好的荔枝，不在市场，更不在超市，而是在你下单时它还挂在树上,13.0,1000斤,高州市,2,1,0,0
 白糖罂荔枝新鲜水果当天采摘当天发货5斤/10斤装包邮,119.0,1箱,电白区,2,0,0,0
桂味荔枝 荔枝桂味,158.0,1箱,电白区,2,0,0,0
妃子笑荔枝 茂名荔枝妃子笑，白糖罂，黑叶，白腊,6.0,1斤,电白区,2,0,0,0
白糖罂荔枝 白糖罂 实拍 现在还没有完全成熟 但是味道很甜 过几天就可以,1.0,5000斤,高州市,2,272,0,3
妃子笑荔枝 茂名妃子笑,6.0,50斤,化州市,2,3,0,0
荔枝 广东省茂名市高州市 地头通货 ,5.0,100斤,高州市,2,16,0,1
广东茂名高州市荔枝王,2.0,10000斤,高州市,2,22,0,1
白糖罂荔枝 有一种荔枝是婴桃小嘴的白糖婴,6.0,10斤,电白区,2,5,0,0
 高州荔枝,10.0,10斤,高州市,2,0,0,0
 荔枝一年一季产地直售数量有限有需要的朋友可以联系,3.0,100斤,高州市,2,2,0,1
妃子笑荔枝 特级高州妃子笑肉厚核小味正一件代发整件批发,99.0,1箱,高州市,2,0,0,0
广东茂名高州市荔枝,2.0,10000斤,高州市,2,22,0,0
妃子笑荔枝 1.5cm,12.0,100斤,茂南区,2,0,0,0
" 提供大量荔枝  品种齐全 品质保证 ～
诚信为广大客户代办",4.0,5000斤,电白区,2,3,0,0
妃子笑荔枝 代收妃子笑，白糖罂，量大货源充足，欢迎各大水果商来电骚扰，,3.3,5000斤,化州市,2,16,0,0
白糖罂荔枝 大量上市,30.0,5箱,高州市,2,1,0,0
白糖罂荔枝 2cm,5.5,3000斤,电白区,3,1,0,0
 代购荔枝妃子笑白糖罂白腊等品种。,4.0,200斤,化州市,2,16,0,2
荔枝之乡代办点,3.5,10000斤,高州市,2,36,0,0
茂名高州桂味荔枝,118.0,1箱,高州市,2,24,0,0
白蜡,4.0,6000斤,高州市,2,36,0,0
 千年荔枝历史产地,4.0,10000斤,高州市,2,33,0,0
 荔枝预定，自家果地，价格优惠,5.0,1000斤,高州市,2,1,0,1
妃子笑荔枝 妃子笑,158.0,1箱,电白区,2,0,0,0
白糖罂荔枝 2cm,50.0,10公斤,高州市,2,0,0,0
白糖罂荔枝 广东茂名荔枝王,88.0,1箱,电白区,2,27,0,1
禾荔荔枝 岭南妃子笑,5.0,20000斤,电白区,2,5,0,0
桂味荔枝 1.5cm,200.0,10斤,高州市,2,5,0,0
妃子笑荔枝 茂名妃子笑，欢迎采购。。,6.0,50斤,化州市,2,3,0,0
白蜡荔枝,8.0,50斤,茂南区,3,260,4,2
 荔子笑荔枝,4.0,10斤,高州市,2,20,0,1
妃子笑荔枝  荔枝三月红妃子笑,195.0,1箱,电白区,2,0,0,0
 高州市根子镇荔枝,138.0,10箱,高州市,2,0,0,0
荔枝 广东省茂名市高州市 特级果 ,5.0,1000斤,高州市,2,16,0,0
荔枝  联系采购商，代收果,1.0,2斤,高州市,2,16,0,1
 超好吃桂味荔枝(果园直销),10.0,10斤,化州市,2,0,0,0
妃子笑荔枝 大量妃子笑出售,3.2,3000斤,化州市,2,3,0,0
黑叶荔枝 2cm,1.8,100斤,电白区,2,0,0,0
妃子笑荔枝  岭南荔枝   黑叶  果大  肉饱满  代办代收代购代电商,1.5,5000斤,电白区,2,6,0,0
桂味荔枝,168.0,1箱,高州市,2,0,0,0
妃子笑荔枝 妃子笑，白糖罂,6.5,20000斤,电白区,2,5,0,0
白糖罂荔枝 高州老树白糖罂,5.0,500斤,高州市,2,0,0,0
荔枝 茂名特产口感好电商标准,6.5,2000斤,电白区,2,8,0,0
 茂名电白特产荔枝,8.0,1000斤,电白区,2,8,0,0
 高州桂味荔枝,18.0,5斤,高州市,2,7,0,0
 新鲜妃子笑荔枝,138.0,1箱,化州市,2,5,0,0
白蜡荔枝 个个都是鲜红，需要的赶紧,3.0,2000斤,电白区,4,1427,0,1
妃子笑荔枝 妃子笑,100.0,100箱,电白区,2,27,0,0
自然茂妃子笑荔枝新鲜现摘现发5斤10斤冷藏保温茂名果园空运发,85.0,1箱,高州市,2,0,0,0
禾荔荔枝 妃子笑，白糖罂,5.5,1000斤,电白区,3,31,0,0
白糖罂荔枝  高州黑叶、桂味荔枝,1.3,100斤,高州市,2,12,0,0
 高州白糖罂荔枝，5月下旬开售，欢迎批发，零售，价格随市场变,4.0,500斤,高州市,2,1,0,0
 现摘现发白糖罂荔枝新鲜水果高州根子镇果园种植5斤10斤整箱,85.0,1箱,高州市,2,0,0,0
 大家好，我是高州红娘优质果苗合作社，我们是一种以种植荔枝，,6.0,1斤,高州市,2,0,0,0
 桂味荔枝,4.5,2000斤,电白区,2,6,0,0
 桂味荔枝,7.0,10斤,高州市,2,2,0,0
妃子笑荔枝 海南茂名妃子笑,98.0,1000箱,电白区,2,9,0,0
 白糖罂荔枝高州根子产地直发新鲜水果水果香甜,4.5,1000斤,高州市,3,2,0,0
桂味荔枝 广东茂名精品桂香荔枝顺丰包邮,70.0,1箱,高州市,2,0,0,0
 本地荔枝，新鲜上市，现摘现发，欢迎订购！,8.5,10斤,电白区,2,2,0,0
 高品质荔枝 妃子笑 微酸超甜,8.0,1000斤,电白区,2,10,0,0
妃子笑荔枝 1.5cm,4.5,5000斤,电白区,3,1,0,0
 海南妃子笑荔枝,30.0,1000斤,电白区,2,2,0,0
 海南妃子笑荔枝,35.0,500斤,电白区,2,2,0,0
 新鲜荔枝,3.5,10000斤,高州市,3,19,0,0
 现货广东茂名高州荔枝新鲜水果妃子笑桂味无核白糖罂克叶,20.0,500公斤,电白区,2,0,0,0
代办,3.0,8000斤,高州市,2,36,0,0
 三月红荔枝,8.0,50斤,化州市,2,3,0,0
高州荔枝,6.0,1000斤,高州市,2,0,0,0
白糖罂荔枝 代收荔枝:白糖罂 妃子笑 白蜡,3.0,10000斤,电白区,2,3,0,0
三月红荔枝  广东三月红  看中的来,5.0,500斤,高州市,2,133,0,0
广东高州桂味荔枝，果味清甜，，一级果品，现摘现寄,85.0,1箱,高州市,2,0,0,1
白蜡荔枝 白蜡,3.0,10000斤,高州市,2,272,0,0
 荔枝,0.2,8000斤,电白区,2,11,0,1
 高质量荔枝，我们买得安心，你们食得放心。,128.0,10斤,高州市,2,0,0,0
白糖罂荔枝 2cm,4.0,1000斤,高州市,2,2,0,0
白糖罂荔枝 高州荔枝，清甜多汁，皮薄核小肉厚,10.0,5斤,高州市,2,0,0,0
白糖罂荔枝  荔枝白糖罂,6.0,20斤,电白区,2,1,0,0
高州深山老树当季现摘现发白糖罂荔枝,56.9,1箱,高州市,3,2,0,0
黑叶荔枝  克叶荔枝果，成熟期为6月份整个月。,100.0,50斤,电白区,2,1,0,0
 大量供应特靓果白糖罂荔枝,8.0,2000斤,高州市,2,0,0,0
 八十亩地白糖罂荔枝供货,7.0,5000斤,电白区,2,0,0,0
 新鲜靓荔枝,8.0,10斤,高州市,2,0,0,0
 桂味荔枝,20.0,200斤,电白区,2,0,0,0
 广东茂名高州新鲜上市荔枝,12.0,100斤,茂南区,2,0,0,0
高州黑叶，白蜡荔枝，一手货源，产地直供,3.0,2000斤,高州市,3,88,0,2
 荔枝新鲜妃子笑当季果园现摘荔枝,4.0,1斤,化州市,2,2,0,0
 白糖罂荔枝，妃子笑荔枝，桂味荔枝，……等等专业代办服务,3.0,10000斤,高州市,3,1,0,0
 现货荔枝妃子笑新鲜水果现摘大果整箱,68.0,10斤,化州市,2,0,0,0
妃子笑荔枝  荔枝设点代办地理位置佳，每日三五万斤，欢迎各地老板前来选购,1.8,10000斤,高州市,2,5,0,0
 广东高州桂味荔枝,22.0,10斤,电白区,2,0,0,0
妃子笑荔枝 妃子笑,8.0,1000斤,化州市,2,0,0,0
白糖罂荔枝 2cm,5.5,100斤,电白区,2,1,0,0
妃子笑,9.5,10000斤,高州市,3,30,0,0
妃子笑荔枝,8.0,20斤,高州市,2,0,0,0
桂味荔枝 广东省茂名市高州市 ,4.5,5000斤,高州市,2,1,0,0
代办，,2.3,10000斤,高州市,2,36,0,0
白糖罂荔枝  【桂味荔枝】高州荔枝镇根子荔乡盛产，口感清甜，岭南佳果,78.0,1箱,高州市,2,2,0,0
桂味荔枝 荔枝桂味,5.0,50斤,高州市,2,2,0,0
 黑叶荔枝上市，（一件代发）高州贡园产地直供,68.0,1箱,高州市,2,2,0,0
2022年茂名白糖罂妃子笑荔枝现已开摘，现摘现发，,9.0,200斤,高州市,2,0,0,0
白糖罂荔枝 电白荔枝，冰糖婴，糖度高，品质好,4.0,2000斤,电白区,2,16,0,0
高州桂味荔枝,10.0,100斤,高州市,2,2,0,0
白糖罂荔枝 2cm,1.0,1斤,电白区,3,25,0,1
白糖罂荔枝 电白特产，荔枝,12.0,3000斤,电白区,2,16,0,0
桂味荔枝 农家荔枝桂味，果大核小色艳，包甜。甜过初恋[呲牙][呲牙]7,4.0,5斤,高州市,3,5,0,1
桂味荔枝 产地大量桂味上市果园直供有需要先v我,6.0,5000斤,电白区,4,1270,0,1
妃子笑荔枝 妃子笑，白糖罂。已经上市了，货源充足有需要的老板尽快来联系，,4.3,10000斤,化州市,2,16,0,0
白糖罂荔枝  茂名荔枝基地大量荔枝上市果园直供质优价廉欢迎来电咨询,3.0,5000斤,电白区,4,1270,0,0
2022茂名妃子笑荔枝应季现货,98.0,1箱,高州市,2,21,0,0
 白蜡荔枝,2.0,2000斤,电白区,4,1427,0,1
荔枝，龙眼，鸡心黄皮，菠萝蜜,4.5,5000斤,电白区,2,0,0,0
桂味荔枝 荔枝,4.0,5斤,高州市,3,5,0,0
妃子笑荔枝 产地大上市果质鲜甜口感好,3.0,5000斤,电白区,4,1270,0,1
妃子笑荔枝 2cm,6.0,100斤,电白区,2,1,0,1
 一骑红尘妃子笑，妃子笑荔枝,5.0,500斤,高州市,2,0,0,0
 现摘现卖新鲜荔枝,3.0,10斤,电白区,2,0,0,0
 妃子笑荔枝[顺丰包邮10斤]现摘现发,98.0,10斤,电白区,2,1,0,0
广东高州桂味荔枝,95.0,1箱,高州市,2,1,0,0
 高州桂味荔枝 果大核小 汁水饱满 果园直销,18.0,50斤,高州市,2,0,0,0
白糖罂荔枝  白糖罂 白蜡 黑叶 桂味,2.6,1000斤,高州市,2,42,0,0
白蜡荔枝 白蜡,1.5,5000斤,高州市,2,272,0,0
茂名电白荔枝上市,6.0,5000斤,电白区,4,1270,0,0
白糖罂荔枝 产地大量荔枝货源值供有需要老板前来定购,3.0,5000斤,电白区,4,1270,0,1
 茂名荔枝妃子笑,3.0,1斤,化州市,2,3,0,0
大唐荔乡根子镇荔枝，清甜爽口、肉多核小,12.0,10斤,高州市,2,0,0,0
黑叶荔枝 2cm,4.0,1000斤,高州市,2,0,0,0
 高州荔枝预订下单，快上市了,3.0,500斤,高州市,2,1,0,0
妃子笑荔枝 1.5cm,4.0,1000斤,高州市,2,0,0,0
高州三月红荔枝,25.0,3斤,高州市,3,13,0,0
妃子笑荔枝 荔枝各品种马上上市了，货源充足，有要的老板来了解了解，,1.0,1斤,化州市,2,16,0,0
 黑叶荔枝大量供应,2.3,1000斤,电白区,2,5,0,0
白糖罂荔枝 大量供应，白糖罂，白腊，黑叶，妃子笑,2.0,5000斤,电白区,2,528,0,0
 现摘新鲜当季高州荔枝,158.0,5斤,高州市,2,0,0,0
 新鲜荔枝上市，现摘现发，品种齐全：白糖罂、妃子笑、黑叶、白,7.5,10斤,电白区,2,2,0,0
 岭南荔枝，新鲜上市，现摘现发，欢迎订购！,8.5,10斤,电白区,2,2,0,0
白糖罂荔枝 广东省茂名市高州市 特级果 ,3.0,1000斤,高州市,3,1,0,0
 荔枝  妃子笑荔枝桂味荔枝,2.0,1000斤,高州市,3,1,0,1
白糖罂荔枝 广东茂名高州根子白糖罂黑叶桂味,8.0,50斤,茂南区,2,4,0,0
妃子笑荔枝 妃子笑,6.0,10000斤,化州市,2,1,0,0
白蜡荔枝  高州龙眼现在开始上市，价格合理，真诚欢迎全国各地,15.0,5斤,高州市,2,5,0,0
高州白糖罂新鲜采摘当天摘当天发,6.0,200斤,茂南区,3,27,0,1
 荔枝,5.0,1斤,高州市,2,0,0,0
白糖罂荔枝 果园大量供应，有白腊，黑叶，妃子笑，白糖罂，等,1.0,5000斤,电白区,2,528,0,2
妃子笑荔枝  荔枝马上上市了，有合作意向的朋友联系我,3.0,30000斤,化州市,2,16,0,0
荔枝 广东省茂名市高州市 特级果 ,2.5,500斤,高州市,2,4,0,0
 （荔枝）妃子笑大量上市，顺丰冷链  妃子笑荔枝 现摘新鲜,10.0,1斤,高州市,2,0,0,0
 桂味荔枝,100.0,5斤,高州市,2,5,0,0
桂味荔枝 2cm,36.0,5斤,高州市,2,3,0,0
妃子笑荔枝 现己大量上，果粒饱满,7.0,10000斤,茂南区,2,0,0,0
白糖罂荔枝  茂名荔枝上市白糖罂，妃子笑，黑叶，白蜡，等各大品种果园直供,2.0,3000斤,电白区,4,1270,0,0
白糖罂荔枝 白糖罂,5.0,20000斤,电白区,2,5,0,0
 白糖樱妃子笑荔枝大量出售,5.0,10000斤,高州市,2,0,0,0
 荔枝佬,6.0,1000斤,信宜市,2,3,0,0
妃子笑荔枝  果子好价格优惠！可大量批发！,15.0,10000斤,电白区,2,0,0,0
桂味荔枝  荔枝,98.0,1箱,高州市,2,0,0,0
白糖罂荔枝 果粒饱满,5.0,10000斤,茂南区,2,0,0,0
杞子笑,7.0,10000斤,电白区,3,8,0,0
荔枝 广东省茂名市电白区 一级果,5.0,10000斤,电白区,2,1,0,0
白糖罂荔枝 白糖罂,3.8,10000斤,高州市,2,2,0,0
妃子笑荔枝 2cm,6.5,20000斤,电白区,2,0,0,0
 茂名高州！妃子笑荔枝,6.1,2000斤,高州市,2,8,0,0
桂味荔枝 黑叶荔枝 妃子笑茂名高州特产新鲜现摘批发零食,9.0,5斤,高州市,2,12,0,0
茂名电白产地大量荔枝果园直供,6.0,3000斤,电白区,4,1270,0,1
白糖罂荔枝 大量供应果园货，白腊，黑叶，妃子笑，白糖罂,1.5,5000斤,电白区,2,528,0,0
 广东桂味荔枝,16.0,5斤,高州市,2,0,0,0
妃子笑荔枝  出售自产妃子笑，桂味荔枝。价格面议。,8.0,100斤,电白区,2,0,0,0
白糖罂荔枝  荔枝白糖罂,4.5,1斤,高州市,2,0,0,0
妃子笑荔枝 茂名荔枝妃子笑白糖罂桂味,20.0,10斤,电白区,2,0,0,0
妃子笑荔枝  高州荔枝批发零售送礼，现摘现发货，量大从优。,12.0,1000斤,高州市,2,0,0,0
 粤西热带白糖罂荔枝果肉保满口感好,4.0,10000斤,电白区,3,38,0,0
荔枝,3.2,6000斤,高州市,2,1,0,0
白糖罂荔枝 产地大量龙眼上市有需要请与我联系,3.5,5000斤,电白区,4,1270,0,7
茂名高州特产 桂味荔枝,138.0,1箱,高州市,2,3,0,0
高州特产，桂味荔枝已经大量上市啦，喜欢吃荔枝的欢迎下单订购,10.0,100斤,高州市,2,1,0,0
妃子笑荔枝 大量有货，欢迎来电,1.5,5000斤,电白区,2,528,0,4
白糖罂荔枝 2cm,5.5,10000斤,高州市,4,44,0,0
妃子笑荔枝 大量供应，妃子笑，白腊，黑叶，白糖罂，,1.5,5000公斤,电白区,2,528,0,1
 新鲜荔枝，便宜拿货各位业主可以考虑。,5.0,10000斤,高州市,4,44,0,0
高州白沙白糖罂荔枝现摘现发甜新鲜皮薄多汁汁品质好够大靓,10.0,20斤,高州市,2,1,0,1
白糖罂荔枝 果园大量供货，白腊，黑叶，白糖罂，妃子笑,2.0,5000斤,电白区,2,528,0,0
妃子笑荔枝 妃子笑，白糖罂，白腊，黑叶,1.5,5000斤,电白区,2,528,0,0
白糖罂荔枝  中国荔枝之乡白糖罂，桂味，妃子笑，黑叶，白蜡荔枝,5.0,100斤,茂南区,2,3,0,0
现货高州中华红荔枝5斤礼盒，荔枝清甜、水果空运整箱包邮,38.9,1箱,高州市,3,2,0,0
妃子笑荔枝  中国荔枝之乡的白糖罂，桂味，妃子笑，白蜡，黑叶，汁多味甜,4.5,100斤,茂南区,2,3,0,0
白糖罂荔枝 个大，皮薄，肉厚，甜,9.9,10斤,高州市,2,0,0,0
高州市桂味荔枝,6.5,10斤,高州市,2,0,0,0
桂味荔枝,8.0,10斤,高州市,2,0,0,0
白糖罂荔枝  家乡特产荔枝白糖罂，清甜、核小皮簿肉厚，欢迎订购 。,3.5,500斤,电白区,2,1,0,0
【广东茂名高州】桂味荔枝,6.0,100斤,高州市,2,0,0,0
白糖罂荔枝,6.5,1000斤,电白区,2,0,0,0
 广东省茂名市高州市产地各种荔枝,9.0,1斤,高州市,3,4,0,0
 荔枝，龙眼，菠萝蜜,1.5,5000斤,电白区,2,528,0,2
白糖罂荔枝   荔枝,188.0,1箱,高州市,2,3,0,0
糯米糍荔枝,20.0,100斤,化州市,2,2,0,0
现摘现发顺丰京东冷链广东高州桂味荔枝味清甜，肉质爽脆,158.0,1箱,高州市,2,3,0,0
高州鉴河生态农业妃子笑荔枝桂味，自有冷库打包物流一体化,65.0,1箱,高州市,2,1,0,0
白糖罂荔枝 白糖罂，妃子笑 白腊,4.0,10000斤,电白区,2,0,0,0
妃子笑荔枝  ￼荔枝盛产欢迎您来选购￼,3.8,10000斤,化州市,2,2,0,0
桂味荔枝 广东茂名荔枝量大质优 产地直销 欢迎来电！,1.0,10000斤,电白区,2,10,0,2
妃子笑荔枝 广东省茂名市高州市 ,98.0,1箱,高州市,3,22,0,0
 产地代发 广东高州妃子笑荔枝 新鲜荔枝当季水果5斤装顺丰空运,98.0,1箱,高州市,3,22,0,0
 桂味荔枝,6.0,5000斤,电白区,2,2,0,0
今年茂名的荔枝龙眼产量偏低各位需要的老板联系了抓紧￼,8.0,8000斤,电白区,2,0,0,0
妃子笑荔枝 一骑红尘妃子笑无人知是荔枝来 热带妃子笑,4.0,10000斤,电白区,3,38,0,0
桂味荔枝 2cm,4.0,5000斤,茂南区,3,1288,0,81
妃子笑荔枝,4.5,5000斤,电白区,2,1,0,0
茂名荔枝白糖罂,258.0,1箱,高州市,2,0,0,0
妃子笑荔枝 专业荔枝代办，自家果场，专业团队,8.0,10000斤,电白区,2,3,0,0
白糖罂,6.0,1000斤,高州市,2,2,0,0
桂味荔枝，质优～新鲜～美味。,20.0,10斤,高州市,2,2,0,0
 广东茂名白糖罂荔枝5斤特产  6小时内保鲜发货，现摘现发,39.9,1箱,电白区,2,0,0,0
白糖罂,12.0,1000斤,高州市,2,2,0,0
荔枝 广东省茂名市化州市,7.0,10斤,化州市,2,0,0,0
荔枝代办代收,4.0,5000斤,高州市,2,4,0,0
白糖罂荔枝  荔枝,4.5,100斤,高州市,2,2,0,0
白糖罂,13.0,11斤,高州市,2,2,0,0
桂味荔枝 广东省茂名市高州市,8.0,10斤,高州市,2,0,0,0
广东荔枝,4.0,5000斤,电白区,3,2,0,0
糯米糍荔枝 2cm,5.0,5000斤,茂南区,3,1288,0,3
三月红荔枝 2cm,8.0,5000斤,茂南区,3,1288,0,42
白糖罂,8.0,1000斤,高州市,2,2,0,0
白糖罂荔枝 产地特发白糖罂妃子笑现在下单还有两天大量出售。,8.0,1000斤,电白区,2,1,0,0
产地直发白糖罂,12.0,1000斤,电白区,2,6,0,0
妃子笑荔枝 妃子笑，白糖罂，糯米滋，桂味,3.5,5000斤,电白区,2,5,0,0
桂味荔枝,12.0,2000斤,高州市,2,2,0,0
 妃子笑荔枝白糖罂黑叶白蜡禾荔个头大肉多好桂味,4.5,5000斤,电白区,2,2,0,0
黑叶荔枝 荔枝,5.0,1000斤,电白区,2,1,0,0
电白荔枝龙眼,8.0,6000斤,电白区,2,0,0,0
白糖罂荔枝 2cm,4.0,5000斤,茂南区,3,1288,0,35
广东茂名电白县糯米糍荔枝,30.0,10斤,电白区,2,0,0,0
白蜡荔枝  白腊荔枝,88.0,1箱,电白区,2,1,0,0
荔枝妃子笑，白糖婴，黑叶，等,3.0,6000斤,电白区,2,11,0,0
 新季荔荔枝，各商城，收购商可前来合作，零售，送礼，可快递,380.0,3箱,高州市,2,0,0,0
茂名高州荔枝，白糖罂等品种，大量，即将上市,10.0,1000斤,高州市,3,2,0,0
广东妃子笑荔枝，一件代发，产地直发，地头价格，还有其他品种,68.9,1箱,茂南区,2,7,0,0
白糖罂荔枝  茂名 高州荔枝,5.0,1000斤,高州市,2,0,0,0
荔枝  黑叶  桂味,3.0,40斤,信宜市,2,14,0,0
茂名电白黑（克）叶荔枝大量上市,3.0,5000斤,电白区,2,10,0,0
妃子笑荔枝  荔枝，妃子笑，白糖罂，白蜡，桂味，,10.0,5斤,高州市,3,2,0,0
高州平山库区白糖罂，果大肉厚清甜,13.0,10斤,高州市,2,2,0,0
妃子笑荔枝 2cm,2.0,5000斤,茂南区,3,1288,0,34
 桂味荔枝,250.0,1箱,电白区,2,0,0,0
妃子笑荔枝 妃子笑,6.0,10斤,电白区,2,1,0,0
妃子笑荔枝广东茂名电白妃子笑 黑叶 桂味  白糖罂白蜡荔枝王,5.0,2000斤,电白区,2,18,0,1
桂味,35.0,10斤,高州市,2,2,0,0
桂味荔枝,18.0,100斤,化州市,2,2,0,0
茂名荔枝妃子笑,238.0,1箱,高州市,2,0,0,0
"白糖罂荔枝  货靓味正无虫口桂
味荔枝",6.0,10斤,高州市,2,0,0,0
 黑叶荔枝,78.0,1箱,电白区,2,1,0,0
 广东茂桂味荔枝，肉厚核小，果肉爽脆，清甜可口！,9.0,10斤,高州市,2,0,0,0
妃子笑,6.8,1000斤,化州市,2,0,0,0
白糖罂荔枝 中华荔乡——广东高州，白糖罂（中华红）荔枝，一级果，自家种植,10.0,10斤,高州市,2,0,0,0
 根子妃子笑荔枝,26.8,1箱,高州市,2,2,0,0
白糖罂荔枝,3.88,5000斤,高州市,2,32,0,0
荔枝,3.0,5000斤,高州市,2,32,0,0
 大量广东高州地区优质白糖罂荔枝，欢迎订购。,3.5,1000斤,化州市,2,2,0,0
桂味荔枝  广东茂名特产，玉湖荔枝，佳品桂味,88.0,1箱,高州市,2,1,0,0
茂名妃子荔枝，量大每天供应,6.5,10000斤,电白区,2,2,0,1
白糖罂荔枝  茂名高州白糖罂,8.0,100斤,高州市,2,2,0,0
妃子笑／白糖罂,4.9,20000斤,高州市,2,32,0,0
 桂味荔枝,8.0,100斤,化州市,2,0,0,0
桂味荔枝  现摘现卖、顺丰包邮,98.0,1箱,电白区,2,0,0,0
现摘荔枝,3.5,500斤,电白区,2,8,0,0
白糖罂荔枝 茂名荔枝（白糖罂/妃子笑）,4.0,10000斤,茂南区,2,0,0,0
桂味荔枝核小味甜多汁,3.0,3000斤,茂南区,2,0,0,0
白糖罂荔枝  白糖罂15一斤 接受预定 大量谈合作,15.0,10斤,电白区,2,0,0,0
 新鲜现货桂味荔枝欢迎大家来采购,3.0,500斤,高州市,2,3,0,0
高州妃子笑荔枝,4.8,20000斤,高州市,2,32,0,0
桂味荔枝 桂味,3.0,100斤,高州市,2,1,0,0
桂味荔枝 荔枝之王～桂味,13.8,10斤,电白区,2,1,0,0
白糖罂荔枝  白糖罂   果品大，鲜红,3.5,1000斤,电白区,2,5,0,0
白糖罂荔枝 荔枝,4.0,3000斤,电白区,2,3,0,0
白糖罂荔枝,10.0,5000斤,电白区,2,2,0,0
茂名电白妃子笑,5.0,5000斤,电白区,2,10,0,0
桂味荔枝 桂味一一荔枝之王，口感正当，鲜甜，核子小,9.0,10斤,高州市,2,0,0,0
 桂味荔枝,168.0,1箱,茂南区,3,13,0,0
便靓正荔枝供货（代采购）日供货量十万斤,1.2,500斤,高州市,2,6,0,0
白蜡荔枝  荔枝批发,150.0,8000箱,茂南区,2,2,0,0
高州荔枝白糖罂妃子笑肉厚核小饱满多汁，正式上市了欢迎采购,1.0,10000斤,高州市,2,3,0,0
妃子笑荔枝 妃子笑,6.5,10000斤,高州市,2,0,0,0
 供应新鲜荔枝,15.0,5000斤,高州市,3,0,0,0
高州名优荔枝,10.0,10斤,高州市,2,0,0,0
桂味荔枝,600.0,1箱,高州市,2,0,0,0
妃子笑,3.0,1斤,化州市,2,0,0,0
三月红荔枝,5.0,100斤,高州市,2,0,0,0
白糖罂荔枝 自家果园,5.0,10000斤,电白区,2,0,0,0
荔枝 广东省茂名市化州市 一级果 ,6.0,1000斤,化州市,2,1,0,0
 各种荔枝,4.0,10000斤,电白区,2,3,0,0
桂味荔枝,15.0,2000斤,电白区,2,1,0,0
 供应超靓妃子笑荔枝，欢迎电商详谈，价格保低,3.0,1000斤,电白区,2,3,0,0
妃子笑荔枝 一品红尘妃子笑无人不知是荔枝来,6.0,5000斤,电白区,3,38,0,0
白糖罂荔枝  白腊，白糖罂，妃子笑，桂味，克叶，,10.0,10斤,电白区,2,0,0,0
白糖罂荔枝 荔枝，精品货源,5.0,1000斤,高州市,2,0,0,0
妃子笑,3.8,5000斤,化州市,2,1,0,0
妃子笑,5.0,5000斤,电白区,2,10,0,0
 白糖罂荔枝,5.0,1000斤,高州市,2,0,0,0
 广东省茂名市电白区黑叶荔枝,3.0,5000斤,电白区,2,1,0,0
白蜡荔枝 广东省茂名市高州市 一级果 ,98.0,1箱,高州市,3,1,0,0
茂名电白黑叶荔枝大量上市,3.0,5000斤,电白区,2,10,0,0
荔枝王,25.0,20斤,高州市,2,0,0,0
黑叶荔枝 5000斤,1.8,5000斤,高州市,2,0,0,0
桂味荔枝,12.0,100斤,高州市,3,16,0,0
广东茂名桂味 量大可整车装货,9.0,3000斤,电白区,2,2,0,0
白蜡荔枝   茂名应季荔枝  妃子笑￼  白糖罂  火爆来袭￼,112.0,5箱,电白区,2,0,0,1
妃子笑 白糖罂 （自产自销）,5.0,2000斤,高州市,3,4,0,0
茂名荔枝，源于明朝进贡给皇帝贡品,8.0,8斤,高州市,3,0,0,0
子小，皮薄，水分充足，甜过初恋的妃子笑荔枝上市中,7.0,5000斤,电白区,2,0,0,0
 荔枝,2.0,1斤,电白区,3,64,0,3
高州荔枝,15.0,100斤,高州市,3,6,0,0
荔枝桂味呀,33.0,100斤,茂南区,3,0,0,0
高州荔枝（白糖罂荔枝、妃子笑荔枝）,15.0,50斤,高州市,3,6,0,0
高州市黑叶荔枝两斤装,9.99,3斤,高州市,3,0,0,0
高州贵味,8.0,5000斤,高州市,3,19,0,0
三月红荔枝 三月红,5.0,500斤,高州市,2,4,0,0
高州黑叶荔枝精品果两斤装,14.0,3斤,高州市,3,0,0,0
广东茂名妃子笑,10.0,10斤,高州市,2,1,0,0
自家种的妃子笑、白糖荔枝上市！现摘现寄。需要call。,8.0,20斤,高州市,3,1,0,0
妃子笑荔枝 2cm,9.0,10箱,茂南区,3,60,0,0
 高州本地荔枝已上市，7元一斤，省内包邮,7.0,1000斤,高州市,3,139,0,0
黑叶荔枝,3.5,10000斤,电白区,3,0,0,0
白糖罂荔枝 2cm,7.0,500斤,高州市,3,139,0,0
白糖罂荔枝甜，核小是不错的一个选择,9.0,500斤,高州市,2,0,0,0
广东茂名桂味糯米糍仙进奉,35.0,5斤,高州市,2,0,0,0
荔枝,3.0,1000斤,高州市,3,3,0,0
 有本地妃子笑荔枝，白糖罂荔枝，桂味荔枝，白立荔枝,7.0,1000斤,高州市,3,139,0,0
现摘妃子笑好吃不腻，可以广东省内顺丰包邮,12.0,10斤,高州市,2,1,0,0
白糖罂荔枝 1.5cm,7.0,300斤,高州市,3,139,0,0
白糖罂,17.0,5斤,高州市,2,1,0,0
黑叶荔枝 2cm,5.0,2000斤,高州市,3,139,0,0
桂味荔枝 2cm,16.0,300斤,高州市,3,139,0,0
 荔枝,8.0,5000斤,电白区,3,284,0,0
 果园新鲜妃子笑荔枝,6.0,3000斤,高州市,3,139,0,0
 妃子笑荔枝，口感好，甜味，新鲜果园，现场摘,6.0,3000斤,高州市,3,139,0,0
妃子笑荔枝 又靓又甜的妃子笑,2.3,5000斤,化州市,3,24,0,0
白糖罂荔枝  妃子笑,6.0,1000斤,化州市,3,24,0,0
妃子笑荔枝 2cm,4.2,1000斤,化州市,3,24,0,0
 茂名化州妃子笑荔枝  欢迎金主来收购,4.5,1000斤,化州市,3,24,0,0
妃子笑荔枝 靓过范冰冰的果,3.6,5000斤,化州市,3,24,0,0
白糖罂荔枝  荔枝新鲜 茂名 白糖荔枝 现摘现发 送礼佳品,5.5,5斤,电白区,3,0,0,0
白糖罂荔枝  高州白糖罂妃子笑白蜡荔枝批发,7.9,1斤,高州市,3,23,0,0
白糖罂荔枝 荔枝,2.0,1斤,电白区,3,124,0,0
白糖罂荔枝  新鲜荔枝现摘现发高州荔枝白糖罂 妃子笑 荔枝王 当季水果上市,88.0,1箱,高州市,3,113,0,0
白糖罂荔枝  高州荔枝闻名世界！2000亩产地直摘、喜迎各收购商前来采购!,1.5,2000斤,高州市,3,74,0,0
广东高州荔枝  各种品种， 预售荔枝！支持一件代发 可代收,5.0,300斤,高州市,3,225,0,4
桂味荔枝 桂味,4.0,1000斤,高州市,2,35,0,0
妃子笑荔枝 荔枝,3.6,1000斤,高州市,2,35,0,0
妃子笑荔枝  荔枝,150.0,1箱,电白区,3,0,0,0
妃子笑荔枝 荔枝,6.0,1000斤,高州市,2,35,0,0
桂味荔枝 荔枝,108.0,10箱,高州市,2,35,0,0
 大果直发新鲜直达白糖罂荔枝,88.0,1箱,高州市,3,113,0,0
 桂味荔枝,4.0,1000斤,高州市,2,35,0,0
 代收广东高州荔枝龙眼,0.5,10000斤,高州市,3,225,0,0
白蜡荔枝 荔枝。白蜡,2.5,1000斤,高州市,2,35,0,0
 荔枝,3.6,1000斤,高州市,2,35,0,0
桂味荔枝 桂味,1.8,1000斤,高州市,2,35,0,0
黑叶荔枝 荔枝,1.5,10000斤,高州市,2,35,0,0
 桂味荔枝,2.5,1斤,高州市,2,35,0,0
黑叶荔枝 荔枝,1.5,10000斤,高州市,2,35,0,1
鸡嘴荔枝 荔枝,5.0,1000斤,高州市,2,35,0,0
桂味荔枝 荔枝鸡嘴,3.0,1000斤,高州市,2,35,0,0
黑叶荔枝 荔枝,1.2,10000斤,高州市,2,35,0,0
 荔枝。白蜡。黑叶,2.0,1000斤,高州市,2,35,0,0
妃子笑荔枝 广东茂名荔枝三月红桂味妃子笑黑叶新鲜现摘白糖罂糯米糍当季水果,1.0,2000斤,高州市,4,638,0,8
 白糖罂荔枝,8.0,50斤,茂南区,3,0,0,0
 妃子笑荔枝,8.0,50斤,茂南区,3,0,0,0
 白糖罂荔枝,5.0,10斤,高州市,2,1161,2,3
 【产地直销】中国荔枝之乡  广东岭南妃子笑,2.5,1000斤,高州市,3,35,0,0
 【产地直销】中国荔枝之乡  果中精品黑叶,1.2,1000斤,高州市,3,35,0,0
 【产地直销】中国荔枝之乡  广东岭南精品白糖罂,3.0,1000斤,高州市,3,35,0,0
 【产地直销】中国荔枝之乡  广东荔枝王桂味荔枝,2.5,1000斤,高州市,3,35,0,0
妃子笑荔枝 1.5cm,6.0,100斤,化州市,3,24,0,0
广东茂名高州荔枝黑叶特甜,39.0,1箱,高州市,3,3,0,0
白糖罂荔枝 2cm,15.0,500斤,高州市,2,9,0,0
 茂名荔枝生产地白糖罂，需要的速度速度,10.0,10斤,高州市,2,0,0,0
白糖罂荔枝 2cm,24.0,500斤,高州市,2,9,0,0
广东桂味荔枝优惠,69.0,1箱,高州市,3,3,0,0
白糖罂荔枝 2cm,24.0,300斤,高州市,2,9,0,0
 供应当季国内好荔枝,6.0,10斤,高州市,2,0,0,0
