﻿产品/品质,采购数量,货源地
荔枝,15斤,广东省佛山市
荔枝,20斤,广东省广州市
荔枝 荔枝王,2000斤,广东省惠州市
荔枝 仙进奉荔枝,200斤,广东省广州市
荔枝 桂味,5000斤,广东省广州市
荔枝 桂味,200斤,广东省广州市
荔枝,10000斤,广东省
荔枝 桂味,1000斤,"广东省广州市,广东省深圳市"
荔枝 桂味,1200斤,广东省深圳市
荔枝 妃子笑,10000斤,广东省茂名市
荔枝 妃子笑,40000斤,"广西壮族自治区钦州市,广东省茂名市"
荔枝 黑叶荔枝,120斤,广东省茂名市
荔枝 无核荔枝,6000斤,"广东省湛江市,广东省江门市"
荔枝 桂味,17000斤,广东省惠州市
荔枝 黑叶荔枝,50000斤,广东省茂名市
荔枝 妃子笑,10008斤,广东省茂名市
荔枝 桂味,100斤,广东省广州市
荔枝,4000斤,广东省茂名市
荔枝 桂味,1000斤,广东省广州市
荔枝 桂味,2000斤,广东省东莞市
荔枝,30000斤,"广东省广州市,广东省深圳市"
荔枝,5000斤,"广西壮族自治区,广东省"
荔枝,20000斤,"海南省,广东省,广西壮族自治区"
荔枝,1000斤,广东省茂名市
荔枝 黑叶荔枝,10000斤,广东省茂名市
荔枝 白糖罂,100斤,广东省湛江市
荔枝 妃子笑,100000斤,广东省茂名市
荔枝,1500斤,广东省
荔枝 荔枝王,2000斤,广东省
荔枝 妃子笑,60000斤,"海南省,广东省"
荔枝 桂味,100斤,广东省广州市
荔枝,300斤,广东省河源市
荔枝 桂味,2000斤,"广东省,广西壮族自治区,海南省"
荔枝 桂味,250斤,广东省茂名市
荔枝 妃子笑,4000斤,"广东省,广西壮族自治区"
荔枝 妃子笑,2000斤,广东省
荔枝,50000斤,广东省茂名市
荔枝,1000斤,广东省
荔枝,50斤,广东省广州市
荔枝 妃子笑,500斤,广东省
荔枝,5000斤,广东省茂名市
荔枝,1000斤,广东省湛江市
荔枝,2000斤,广东省茂名市
荔枝 白蜡荔枝,10000斤,广东省茂名市
荔枝 白糖罂,100斤,广东省茂名市
荔枝,10000斤,广东省
荔枝 白糖罂,20000斤,广东省湛江市
荔枝,15斤,"广东省茂名市,广西壮族自治区钦州市"
荔枝,500斤,广东省茂名市
荔枝 桂味,200斤,广东省东莞市
荔枝,5000斤,广东省
荔枝 妃子笑,8000斤,广东省
荔枝 妃子笑,4000斤,广东省湛江市
荔枝 桂味,10斤,广东省惠州市
荔枝 妃子笑,300000斤,广东省阳江市
荔枝 白糖罂,10000斤,"广东省阳江市,广东省湛江市,广东省茂名市"
荔枝,1000斤,"海南省,广东省"
荔枝 妃子笑,5000斤,广东省茂名市
荔枝 妃子笑,20000斤,广东省茂名市
