﻿高州荔枝新鲜白糖罂现摘现发当季妃子桂笑味老树大果整箱6斤包邮,88.80,0人付款,tb01057554,广东 茂名
荔枝新鲜冰冻白糖婴罂5斤妃子笑水果应当季整箱桂6味顺丰冷链,87.20,0人付款,陈娅娅65059910,广东 茂名
广东茂名荔枝新鲜冰冻6斤白糖罂老树大果新鲜水果黑桂叶味整箱10,113.40,0人付款,陈娅娅65059910,广东 茂名
荔枝新鲜包邮5斤广东水果桂味糯米糍妃子笑白糖罂荔枝现摘整箱,49.00,23人付款,欧芮雪,广东 茂名
顺丰包邮茂名高州白糖罂荔枝新鲜现摘现货高山果园直发顺丰包邮,108.00,1人付款,天亦有涯,广东 茂名
桂味荔枝新鲜10斤现摘现发广东茂名高州笑妃子当季水果糍糯米,252.80,0人付款,你在听吗杰,广东 茂名
2022年新鲜茂名白糖罂桂荔枝现摘现发新鲜采摘整箱6斤装冰冻,152.00,1人付款,沁雨诚信企业店,广东 茂名
广东茂名桂味荔枝新鲜采摘冷冻发货孕妇顺丰水果当季整箱10斤大果,75.80,10人付款,柏然诚信企业店,广东 茂名
【当天现发】荔枝新鲜白糖罂6斤爆甜冷链包邮妃桂子笑味当季水果5,121.80,0人付款,tb0489463917,广东 茂名
广东茂名新鲜包邮三月红荔枝孕妇酸甜应季水果当现货现摘整箱 5斤,105.80,0人付款,tb067408047,广东 茂名
荔枝新鲜现摘现发白糖婴罂5斤妃子笑水果应当季整箱冷链,123.00,0人付款,昌盛诚信企业店,广东 茂名
广东茂名高州桂味荔枝新鲜现发包邮10斤王无核米糍糯糖罂白笑妃子,129.90,1人付款,便民蔬果园,广东 茂名
高州荔枝白糖罂中华红老树荔枝顺丰空运冷链端午佳品,58.80,0人付款,tb260100_2013,广东 茂名
【顺丰冷链】广东老树白糖罂荔枝6斤新鲜现摘现发桂水味妃4子笑果,139.90,1人付款,绿色蔬果园,广东 茂名
化州荔枝包邮五仁拖罗蛋黄大月饼素材,48.00,3人付款,家家电商,广东 茂名
荔枝新鲜冰冻白糖婴罂5斤妃子笑水果应当季整箱桂6味顺丰冷链,87.20,10人付款,北方的樱花树,广东 茂名
老树荔枝白糖罂现摘现发小核新鲜甜水果孕妇整箱6斤当季整箱包邮,89.88,0人付款,陬盛百货店,广东 茂名
妃子笑荔枝新鲜现摘5斤大果水果新鲜当季整箱广东茂名老树甜10,99.80,1人付款,tb2564252970,广东 茂名
桂味荔枝冷冻 老兵新鲜现发广东茂名高州老树农家岭南应季水果进,79.80,1人付款,万润正品优选,广东 茂名
冷冻海南妃子笑荔枝5斤非新鲜水果当季整箱王孕妇桂现摘早熟,73.00,11人付款,tb9480165959,广东 茂名
冷冻海南妃子笑荔枝5斤非新鲜水果当季整箱王孕妇桂现摘早熟,74.00,14人付款,tb2197393277,广东 茂名
现货现摘新鲜妃子笑荔枝大果当季水果5斤孕妇水果整箱包邮,35.80,1人付款,mitao12,广东 茂名
糯米糍荔枝冷冻新鲜现发广东茂名高州老树荔枝岭南农家水果5斤,268.00,0人付款,原野乡村水果店,广东 茂名
冰冻荔枝 新鲜现发茂名高州爆甜白糖罂荔枝5斤桂妃味水果顺丰,127.00,2人付款,海辉诚信企业店,广东 茂名
冷冻桂味荔枝新鲜现摘发广东茂名高州百年老树当季水果3/5斤顺丰,42.80,2人付款,壹号水果店,广东 茂名
5斤新鲜荔枝广东高州现摘现发10斤时令水果包邮,408.00,0人付款,高州长坡土特产,广东 茂名
荔枝新鲜5斤茂名高州老树白糖罂鲜荔枝现摘纯甜当季水果整箱,53.80,0人付款,月月诚信企业店,广东 茂名
冰冻荔枝 新鲜现发茂名高州爆甜白糖罂荔枝5斤桂妃味水果顺丰,147.00,0人付款,泽润精品店,广东 茂名
荔枝新鲜速冻黑叶荔枝孕妇水果老树5斤当季整箱顺丰包邮10斤,75.00,1人付款,淘气宝宝诚信店,广东 茂名
广东茂名桂味荔枝新鲜采摘冷冻孕妇顺丰水果当季整箱10斤大果,76.00,0人付款,瑞航诚信企业店,广东 茂名
2022老树新鲜荔枝白糖罂现摘现发纯天然当季孕妇水果整箱顺丰包邮,188.80,0人付款,tb610476875,广东 茂名
冷冻海南妃子笑荔枝5斤非新鲜水果当季整箱王孕妇桂现摘早熟,74.00,2人付款,娜娜的水果小店,广东 茂名
精选大果礼盒新鲜荔枝正宗广东高州现摘现发妃子笑顺丰空运包邮,288.00,0人付款,高州长坡土特产,广东 茂名
正宗老树荔枝10斤冷冻水果广东白王糖罂应当季整箱包邮5,118.80,0人付款,tb222454247028,广东 茂名
荔枝新鲜现摘现发高州白糖罂顺丰当季水果5斤糯米滋桂6味整箱包邮,56.90,0人付款,蜻蜓点水蝴蝶结,广东 茂名
海南妃子笑荔枝海口妃子笑甜新鲜肉厚多汁籽小现采摘,138.36,0人付款,tb610476875,广东 茂名
海南荔枝超大超甜新鲜速冻荔枝5斤当季孕妇水果顺丰包邮现货,268.00,0人付款,淘气宝宝诚信店,广东 茂名
广东茂名高州桂味荔枝信,120.00,0人付款,zhen77125,广东 茂名
现货现摘现发老树新鲜荔枝应季水果妃子5笑黑叶乌叶整箱6斤,235.00,0人付款,昌盛诚信企业店,广东 茂名
现摘荔枝 新鲜现发茂名高州爆甜白糖罂荔枝5斤桂妃味水果顺丰,216.00,0人付款,星辰诚信企业店,广东 茂名
现货顺丰广东白糖罂荔枝现摘新鲜水果高州桂糯米味妃子糍笑包邮5,299.00,0人付款,果蔬好物,广东 茂名
新鲜冰冻荔枝桂味花香当季孕妇水果现摘发货糯米白糖整箱罂5斤糍,168.00,1人付款,诚悦诚信企业店,广东 茂名
白糖罂高州老树冰冻鲜荔枝现摘现发整箱新鲜广东茂名当季孕妇水果,138.00,1人付款,胖胖诚信企业店,广东 茂名
冰冻荔枝现摘现发三月红荔枝当季孕妇时令水果纯甜无酸新鲜,199.00,0人付款,贵吉正品优选,广东 茂名
海南妃子笑荔枝5斤新鲜水果当季整箱王孕妇桂早熟现摘3味,94.00,0人付款,星辰诚信企业店,广东 茂名
海南妃子笑荔枝5斤新鲜水果当季整箱王孕妇桂早熟现摘3味,94.00,0人付款,星辰诚信企业店,广东 茂名
老树荔枝白糖罂现摘现发小核新鲜甜水果孕妇整箱6斤当季顺丰,999.00,0人付款,tb69756544453,广东 茂名
广东高州根子贡园千年荔枝5斤爆甜（现货秒发）伍家农村合作社,52.00,0人付款,茂名晨希食品,广东 茂名
【顺丰空运 现摘现发】广东茂名高州 当季白糖罂新鲜水果 5斤,172.00,0人付款,彩洁诚信店,广东 茂名
冰冻荔枝新鲜10斤应当季现摘黑叶冷冻鲜荔枝孕妇特产水果整箱包邮,112.00,0人付款,瑞德诚信企业店,广东 茂名
正宗桂味荔枝5斤新鲜水果应当季整箱王孕妇白糖妃子3婴笑冰冻,130.00,1人付款,瑞光诚信企业店,广东 茂名
广东茂名桂味荔枝新鲜采摘冷冻孕妇顺丰水果当季整箱10斤大果,87.00,3人付款,豪研宝贝,广东 茂名
海南早熟桂花荔枝新鲜5斤妃子笑农家现摘现发孕妇水果顺丰包邮整,165.52,0人付款,平价蔬菜园,广东 茂名
2022现货现摘新鲜荔枝三月红荔枝大果应季水果4斤6孕妇新鲜包邮,78.80,0人付款,tb742656472421,广东 茂名
老树白糖罂荔枝6斤新鲜冰冻桂当味妃4子笑水果整箱季顺丰包邮,83.85,0人付款,陈娅娅65059910,广东 茂名
桂味荔枝新鲜10斤冰冻广东茂名高州笑妃子当季水果包邮糍糯米,258.00,0人付款,乾锦程诚信店,广东 茂名
桂味荔枝 老兵新鲜速冻现发广东茂名高州老树农家岭南应季水果,204.00,0人付款,盛好正品优选,广东 茂名
【顺丰空运】正宗高州新鲜荔枝 礼盒精选大果30个一箱特大果包邮,398.00,0人付款,高州长坡土特产,广东 茂名
化州荔枝包邮五仁拖罗蛋黄小月饼素材,13.00,4人付款,家家电商,广东 茂名
高州白糖罂荔枝6斤新鲜水果当季整箱包邮王孕妇桂现摘早熟味,39.99,0人付款,tb402335970322,广东 茂名
茂名高州荔枝9元每斤（桂味，妃子笑，白糖罂，糯米糍，新兴）,9.00,0人付款,黄书荣1,广东 茂名
电白荔枝新鲜妃子笑 现摘现发广东茂名水果荔枝 白腊 包邮,236.00,0人付款,佃农小铺,广东 茂名
2022年6月荔枝发源地 广东茂名 高州 纯正桂味 现正发货 全红状态,18.00,0人付款,sheng1970822279,
高州新鲜荔枝现摘现发老树大果白糖罂当季孕水果整箱5斤顺丰包邮,59.80,0人付款,tb5827131_88,广东 茂名
新鲜水果荔枝白糖罂孕妇水果现摘现发带箱6斤现货包邮,598.00,0人付款,11nov1,广东 茂名
广东茂名荔枝新鲜现摘6斤白糖罂老树大果新鲜水果黑桂叶味整箱10,39.80,0人付款,tb0489463917,广东 茂名
当季荔枝新鲜水果包邮广东茂名高州白糖罂荔枝整箱6斤现摘现发,79.00,0人付款,惟诺期舰店,广东 茂名
糯州米糍荔枝丰新鲜水果5斤顺包邮现摘现发茂名高农家,196.20,0人付款,tb792448917910,广东 茂名
茂名 高州贡园荔枝 白糖罂 水果 生鲜 妃子,58.00,0人付款,帝唯雅525,广东 茂名
广东茂名桂味荔枝新鲜采摘冷冻发货孕妇顺丰水果当季整箱10斤大果,75.80,0人付款,北方的樱花树,广东 茂名
广东新鲜三月红酸荔枝现摘现发当季孕妇水果顺丰空运3斤5斤,33.00,0人付款,瑶瑶诚信企业店,广东 茂名
广东茂名高州新鲜荔枝新鲜现摘发货当应季水果5斤,238.90,0人付款,冯显情12,广东 茂名
5斤新鲜荔枝广东茂名高州新鲜现摘现发水果包邮,238.90,0人付款,冯显情12,广东 茂名
【桂味荔枝】新鲜现摘小核现发茂名高州老树荔枝当季水果包邮,60.99,0人付款,tb513650547,广东 茂名
广东茂名高州妃子笑冷冻荔枝应季新鲜孕妇水果包邮现发,123.00,0人付款,长城诚信企业店的小店,
正宗桂味荔枝新鲜现发包邮广东高州10斤王无核米糍糯糖罂白进奉仙,999.00,0人付款,musicbox0205,广东 茂名
【荔枝】桂味白糖新鲜罂现摘现发爆甜水果顺丰空运5斤礼盒装,228.00,0人付款,盛磊德诚信店,广东 茂名
广东新鲜荔枝三月红孕妇酸甜应季当季水果现摘现发现货整箱包邮大,98.00,0人付款,tb337749010,广东 茂名
冷冻海南妃子笑荔枝5斤非新鲜水果当季整箱王孕妇桂现摘早熟,74.00,2人付款,北方的樱花树,广东 茂名
荔枝新鲜现摘现发妃子笑顺丰白糖婴罂5斤水果应当季整箱桂6味包邮,88888.00,0人付款,格盈商贸4店,广东 茂名
顺丰空运新鲜荔枝现发广东茂名高州白糖罂农家桂当季味水果10斤装,78.00,0人付款,armsj,广东 茂名
妃子笑荔枝新鲜10现货整箱5斤糯米糍白糖罂桂味现摘水果,194.35,0人付款,鑫泰诚信店,广东 茂名
广东茂名桂味荔枝新鲜采摘冷冻孕妇顺丰水果当季整箱10斤大果,75.80,1人付款,tb5387055240,广东 茂名
广西新鲜超大荔枝王水果鸡嘴荔非妃子笑糯米糍现货10斤顺丰,128.80,0人付款,绿之源诚信店,广东 茂名
现货斤荔枝 新鲜现摘茂名高州爆甜白糖罂荔枝邮5顺丰包应当季水果,112.86,2人付款,ta854156,广东 茂名
高州妃子笑荔枝现摘现发新鲜孕妇5斤时令水果应当季早熟桂花包邮,999.00,0人付款,余陈伟54,广东 茂名
2022荔枝新鲜现摘妃子笑当季时令水果孕妇甜应季整箱5斤顺丰包邮,119.00,2人付款,沐阳原产地,广东 茂名
高州深山老树当季现摘现发白糖罂爆甜新鲜精品大水果顺丰空运,140.40,0人付款,尚亿商铺,广东 茂名
新鲜荔枝现摘现发6斤白糖婴罂妃子笑水果应当季整箱桂8味整箱包邮,143.40,0人付款,alj854750,广东 茂名
广东桂味荔枝新鲜现摘5斤应季水果顺丰现发孕妇茂名王礼盒10,156.80,0人付款,tb2564252970,广东 茂名
广东茂名桂味荔枝新鲜采摘冷冻发货孕妇顺丰水果当季整箱10斤大果,75.80,4人付款,tb586749513,广东 茂名
冷冻海南妃子笑荔枝5斤非新鲜水果当季整箱王孕妇桂现摘早熟,74.00,0人付款,宛凝生鲜企业店,广东 茂名
高州荔枝,50.00,0人付款,广银观电子商务有限公司,
新鲜荔枝 马贵荔9月荔枝现摘现发爆甜多汁超大个包邮老树小核厚肉,278.00,0人付款,1257882163fy,广东 茂名
荔枝 新鲜现摘现发 应季5斤整件 茂名高州水果整箱散装 冷链包邮,88.80,0人付款,卖货郎08,广东 茂名
老树现摘现发白糖罂荔枝6斤新鲜妃桂子笑味时令水果整箱当季顺丰5,49.78,0人付款,tb0489463917,广东 茂名
【新品上新】新鲜香甜荔枝白糖婴罂当季农家特产现冷冻现发整箱包,85.90,0人付款,tb952277494,广东 茂名
【现摘秒发】新鲜现摘茂名白糖罂荔枝当季水果整箱桂叶味妃黑子笑,40.68,0人付款,tb513650547,广东 茂名
广东纯正茂名高州当季新鲜荔枝 白蜡 现摘现发坏果包赔,15.00,0人付款,sheng1970822279,
海南妃子笑荔枝5斤新鲜水果当季整箱包邮王孕妇桂现摘早熟,93.94,0人付款,tb908528986300,广东 茂名
广东大目释迦果5斤新鲜水果当季整箱佛头林檎番荔枝热带凤梨包邮3,98.80,9人付款,铂果旗舰店,广东 茂名
只发大果】超甜牛奶凤梨释迦果5斤当季水果新鲜现摘番佛头果,93.80,2人付款,佳时光旗舰店,广东 茂名
顺丰大果 红毛丹新鲜3斤应当季毛荔枝孕妇水果现摘整箱包邮5,46.80,1人付款,橙太尉公旗舰店,广东 茂名
顺丰包邮泰国大目凤梨释迦果番荔枝新鲜当季水果大果佛头果1到4斤,109.90,0人付款,溢鲜园诚信店,广东 茂名
整箱热带凤梨番荔枝3水果林檎佛头当季5果大目广东释迦新鲜斤,96.80,0人付款,tb80350373,广东 茂名
泰国大目释迦果新鲜水果包邮6斤整箱顺丰牛奶凤梨番大林檎5,98.80,0人付款,橙太尉公旗舰店,广东 茂名
5斤礼盒装 牛奶大目释迦果新鲜水果当季番荔枝摩尼果林檎整箱包邮,112.84,1人付款,瑞德诚信企业店,广东 茂名
2022年6月荔枝发源地 广东茂名 高州 纯正桂味 现正发货,18.00,0人付款,sheng1970822279,
广东大目释迦果5斤新鲜水果当季整箱佛头林檎番荔枝热带凤梨3,143.88,0人付款,wuhaigang19881016,
广东牛奶释迦果新鲜水果包邮 4斤装大目番荔枝林檎果佛头瓜牟尼果,46.50,0人付款,萌萍百货店,广东 茂名
泰国大目释迦果新鲜水果5斤整箱顺丰牛奶凤梨大林檎番包邮,75.80,0人付款,tb5254672519,广东 茂名
荔枝干2022新货核小肉厚特级高州生晒500g袋装包邮桂味干,49.80,500+人付款,戴超亮,广东 茂名
2022新货高州生晒桂味荔枝干核小肉厚特级干荔枝干货特产500g包邮,36.00,500+人付款,那酷吧,广东 茂名
12A桂味荔枝干3斤 2022年新货高州生晒核小肉厚农家特产老兵,98.00,500+人付款,super_light6718,广东 茂名
12A桂味荔枝干核小肉厚特级2022新货高州生晒袋装特产包邮两斤装,66.90,600+人付款,daifei295714,广东 茂名
2022年新货桂味荔枝干核小肉厚特级高州特产500g新鲜包邮袋装现货,49.80,64人付款,雨众印象,广东 茂名
2022年新货荔枝干核小肉厚正宗桂味荔枝干旗舰店1斤瓶整箱特级泡,56.00,35人付款,孤狼b组_22,广东 茂名
2022新货广东高州 老树10A 糯米糍鸡嘴荔枝干 核小肉厚特级 500克,47.00,200+人付款,乐淘城1,广东 茂名
广东茂名特级糯米糍桂味荔枝干2022新货鲜核小肉厚整箱500g旗舰店,49.00,100+人付款,wangwo323263009,
糯米糍荔枝干新货核小肉厚2022年新货500g包邮小核特级米枝干,68.00,17人付款,雨众印象,广东 茂名
桂味荔枝干特级大果2022年14A新货核小肉厚高州特产250g新鲜包邮,29.90,92人付款,tb238873074,广东 茂名
两斤 12A桂味荔枝干核小肉厚特级2022新货高州生晒袋装特产包邮,100.07,48人付款,鲜世子食品旗舰店,
土蜂蜜纯正天然农家自产正宗野生荔枝蜜2斤装正品非结晶蜜百花蜜,69.00,100+人付款,dinglongguang,广东 茂名
荔枝干新鲜高州特产桂味核小肉厚年货特级送礼零食果干2022新货,39.80,66人付款,戴国亮22,广东 茂名
容姐择食高州农家纯正龙眼桂圆荔枝蜂蜜天然野生春奶茶店专用原蜜,58.00,36人付款,ivflin,广东 茂名
荔枝干2022新货无核小肉厚糯米糍桂味特级深圳手信状元红增城500g,48.00,19人付款,tb856628501,广东 茂名
新货糯米糍荔枝干核小肉厚广东高州精选12A天然生晒非桂味干,68.80,62人付款,那酷吧,广东 茂名
桂味荔枝干特级大果2022年生晒500g新货核小肉厚高州特产新鲜包邮,49.80,99人付款,tb238873074,广东 茂名
荔枝干2022新货特级干荔枝核小肉厚高州桂味干荔枝特级小核糯米糍,29.80,10人付款,雨翔vs醉清风,广东 茂名
桂味荔枝干核小肉厚茂名高州农家特产送礼年货5斤装干果特惠新货,158.00,21人付款,戴国亮22,广东 茂名
2022年新货高州生晒核小肉厚12A桂味荔枝干500g,49.80,65人付款,super_light6718,广东 茂名
无核荔枝肉特级荔枝干2021新货罐装无核纯肉500g高州特产桂味肉厚,58.00,11人付款,tb6426670351,广东 茂名
广东茂名树桩嫁接荔枝树大树苗桂味白糖罂高压圈枝特大苗南方种植,158.00,2人付款,小翠翠605,广东 茂名
容姐择食@桂味荔枝干核小肉厚精选特级茂名高州特产2斤包邮,68.00,30人付款,ivflin,广东 茂名
广东高州特产新鲜生晒桂味荔枝干特级核小肉厚甜袋装新货500g包邮,33.00,11人付款,永香食品,广东 茂名
新货桂味荔枝干500g农家高州特产核小肉厚非糯米糍妃子笑莆田无核,39.80,53人付款,国际干果作坊,广东 茂名
3斤高州特产桂味荔枝干核小肉厚农家即食清甜天然生晒精选3袋包邮,84.80,8人付款,荔园农产品,广东 茂名
纯正天然农家自产蜂农直销荔枝蜂蜜纯真原蜜无添加野生成熟土蜂蜜,59.00,58人付款,13727712699w,广东 茂名
2022新货桂味荔枝干高州特产核小肉厚500g无添加特级现货新鲜包邮,39.80,16人付款,优品汇1668,广东 茂名
荔枝干2022新货大果广东高州荔枝干特级500g桂味干肉厚核小,59.00,12人付款,mm066852,广东 茂名
荔枝干肉厚核小香甜正宗高州老树桂味零食泡水广高杨家新货500g,36.00,28人付款,yjs0813,广东 茂名
荔枝蜜 蜂蜜纯正天然野生农家自产正宗无添加孕妇荔枝龙眼土蜂蜜,50.00,5人付款,daiyadao,广东 茂名
新货高州生晒桂味荔枝干核小肉厚果真靓特靓级干荔枝500g干货包邮,36.00,10人付款,果真靓旗舰店,广东 茂名
广东高州特产新鲜生晒桂味荔枝干特级大果核小肉厚甜袋装新货500g,33.00,13人付款,aabanana,广东 茂名
蜂蜜纯正天然野生荔枝蜜2022新货龙眼蜜500g正宗农家自产土蜂蜜,39.80,13人付款,戴超亮,广东 茂名
2022新货精选特级高州桂味荔枝干肉厚核小500g包邮,38.00,45人付款,有鱼的沙漠,广东 茂名
高州老树桂圆干桂味荔枝干组合套装肉厚核小特级龙眼干天然干,58.00,33人付款,妙衣荟萃,广东 茂名
荔枝干2022新货特级干荔枝小核肉厚荔枝肉干泡茶广东高州干,49.80,27人付款,tb8099599_2013,广东 茂名
广东岭南10A特级高州糯米糍荔枝干2022新货核小肉厚 拍一件发2斤,87.80,2人付款,tb734698927,广东 茂名
农家自产纯正天然荔枝蜂王浆春浆高活性蜂皇浆原浆无提纯顺丰发货,198.00,7人付款,13727712699w,广东 茂名
茂名荔枝乡电白特产广式甜味切肉腊肠腊味400g精选猪肉广东煲仔饭,68.00,6人付款,荔枝乡食品,广东 茂名
广东岭南9A特级高州糯米糍年货荔枝干2022新货核小肉厚500g包装袋,43.80,5人付款,tb734698927,广东 茂名
新货特级大果高州特产白糖罂荔枝干500g无熏硫农家干肉厚香甜,23.80,26人付款,国际干果作坊,广东 茂名
【诗人花园】粉荔枝月季 大花浓香 荔枝果香味花苗，根接苗，V12,22.99,25人付款,爱花的诗人,广东 茂名
2022年特卖“荔王”鸡嘴荔枝干正宗高州老树荔枝干果厚肉直销2斤,75.00,3人付款,少少tqt,广东 茂名
野生正宗土蜂蜜纯正天然农家自产荔枝蜜非结晶百花蜜无添加蜂巢蜜,36.00,3人付款,dinglongguang,广东 茂名
2斤装桂味荔枝干核小肉厚特级高州特产包邮农家无添加新货,69.90,9人付款,凝梦涵枫,广东 茂名
茂名高州山区老树桂味品种荔枝干新货核小香甜美味500克,38.00,8人付款,农业金奖桂圆肉,广东 茂名
蜂蜜纯正天然野生农家自产土蜂蜜广东高州特产荔枝蜜无添加龙眼蜜,29.80,4人付款,mm066852,广东 茂名
鸭脚木蜜 农家自产 纯天然野生土蜂蜜 另售龙眼蜜 荔枝蜜 百花蜜,60.00,20人付款,乐淘城1,广东 茂名
无核荔枝肉无壳纯肉特级荔枝干桂味肉厚2021新货罐装500g高州特产,58.00,2人付款,tb098181448,广东 茂名
新货高州桂味荔枝肉 去壳去核荔枝干广东特产级晒干300g包邮,48.80,23人付款,那酷吧,广东 茂名
高州糯米糍荔枝干2022新货核小肉厚特级桂味500g深圳手信增城从化,48.00,5人付款,wangwo323263009,
广东特产品岭南高州农家桂味荔枝干 核小肉厚500g无添加,48.80,4人付款,品岭南,广东 茂名
蜂蜜新鲜龙眼蜜荔枝蜜农家自产蜂蜜纯蜂蜜桂圆蜜500g包邮,55.00,1人付款,浮生若苦茶,广东 茂名
电白特产荔枝乡腊肠绿城腊味广式香肠下饭菜烧烤小吃400g礼盒包邮,73.00,1人付款,yzs52019,广东 茂名
新货10A高州特产桂味荔枝干大果3斤桂味干荔枝肉厚核小农家泡茶,145.00,4人付款,高州纯天然生晒桂圆,
网红零食送礼桂圆干桂圆肉龙眼干龙眼肉广东高州特产新货干,68.00,1人付款,鉴河生态农业,广东 茂名
2022年新货 高州桂味荔枝干核小肉厚很甜很好吃500克,48.00,4人付款,czm0202,广东 茂名
农村纯正蜂蜜 百花蜜 冬蜜 荔枝蜜龙眼蜜 农家自产蜂蜜包邮,299.00,0人付款,cheng2473074645,
12A特级荔枝干桂味核小肉厚2022新货高州生晒500g袋装包邮特产,35.80,10人付款,daifei295714,广东 茂名
高州绿宝桂圆店高州桂味特级荔枝干1000克,90.00,2人付款,ffuuyy2008,广东 茂名
2022年新货正宗桂味荔枝干特级小核肉厚精选10A天然生晒500g*2,49.00,18人付款,鲜可妙旗舰店,广东 茂名
桂味荔枝干特级精选新货广东高州新鲜生晒干荔枝核小肉厚500g包邮,38.00,2人付款,lvanhuzz,广东 茂名
3斤装高州生晒桂味荔枝干新货核小肉厚特靓级干荔枝干货特产包邮,86.00,2人付款,那酷吧,广东 茂名
2斤高州桂味荔枝干核小肉厚天然新鲜农家精选干果即食泡茶2袋包邮,59.80,6人付款,荔园农产品,广东 茂名
Fruit YAYA 纯度很高的荔枝园蜂蜜！荔枝蜜、龙眼蜜、百花蜜,70.00,2人付款,tb9534740945,广东 茂名
广东高州特产新货桂味荔枝干壳薄肉厚零食干货送礼佳品2罐包邮,49.90,1人付款,鉴河生态农业,广东 茂名
茂名高州水果之乡荔枝苗 桂味 糯米糍 白糖罂 妃子笑 带土球发货,23.00,2人付款,tb767250096,广东 茂名
2022新货特级干荔枝高州桂味荔枝干小核肉厚广东荔枝肉干,59.00,8人付款,tb8099599_2013,广东 茂名
2022年新品广东高州 核小肉厚荔枝干 妃子笑 500克 坐月子吃,56.00,4人付款,乐淘城1,广东 茂名
高州沙田金奖马头牌（新包装）桂味荔枝干500克包邮,40.00,1人付款,fengsiyy,广东 茂名
2022年新货精选10A高州桂味荔枝干核小肉厚天然生晒干3斤包邮,89.00,3人付款,朝花夕拾198909,广东 茂名
新货桂味糯米糍高州农家生晒自产新鲜荔枝干核小肉厚特级500g包邮,38.80,1人付款,tb461749963,广东 茂名
高州桂味荔枝干核小肉厚特级2021新货桂康荔枝肉泡茶非糯米糍,65.70,1人付款,果惠盛旗舰店,广东 茂名
尚鼠桂味荔枝干高州特级新货核小肉厚新货现货荔枝肉干300g袋装,39.90,4人付款,尚鼠旗舰店,广东 茂名
荔枝干 核小肉厚 小核特级桂味2 021新货 广东 另售妃子笑糯米糍,38.00,3人付款,乐淘城1,广东 茂名
广东高州桂味荔枝干核小肉厚500g包邮,58.00,3人付款,lvchaoliang1202,广东 茂名
荔枝【密】600g瓶装,39.80,6人付款,super_light6718,广东 茂名
新高州桂味荔枝干生晒荔枝干非白糖罂荔枝糯香桂味干1000g包邮,78.00,2人付款,linyabnxi168,广东 茂名
粤西蜂蜜 纯正天然蜂蜜 茂名市土特产荔枝龙眼蜜5斤包邮128元,128.00,1人付款,股市量能搏杀必赢,
新货10A大果高州特产桂味荔枝干1000g桂味干荔枝肉厚核小农家泡茶,95.00,3人付款,高州纯天然生晒桂圆,
纯正荔枝蜂蜜高州农家自产自销天然桂味白糖罂糯米糍花蜜500G,49.80,3人付款,戴国亮22,广东 茂名
2022年高州桂味荔枝干500g非白糖罂农家特产老树核小肉厚正品包邮,34.90,1人付款,高州果皮科技,广东 茂名
2022新货核小肉厚高州桂味荔枝干精选9A天然生晒干500g优质,19.80,1人付款,陈皇妃旗舰店,广东 茂名
荔枝蜜2022年新鲜农家自产食用蜂蜜中蜂蜜土蜂蜜封盖成熟原蜜500g,38.00,4人付款,lvanhuzz,广东 茂名
2019高州特产荔枝干新鲜生晒核小肉厚-特级桂味荔枝干500g包邮,33.00,1人付款,aabanana,广东 茂名
广东岭南特级高州桂味荔枝干2022新货核小肉厚拍一件发2斤两件5斤,75.50,1人付款,tb734698927,广东 茂名
高州荔枝蜜/龙眼蜜两斤包邮下单备注哪种蜂蜜,30.00,1人付款,chen20160411,广东 茂名
2021年新货核小肉厚高州糯米糍荔枝干精选9A天然生晒干500g袋,56.80,1人付款,果真靓旗舰店,广东 茂名
【89元3斤】2022新货荔枝干核小肉厚特级桂味整箱3斤糯米糍干泡茶,89.00,1人付款,孤狼b组_22,广东 茂名
新鲜荔枝材火广东特色烧腊明炉烤鸭/烧鸭脆皮鸭大概3斤重顺丰包邮,98.00,0人付款,wucuie99,广东 茂名
【荔枝香】传统天然熏香手搓干丸 室内家用合香非蜜香丸净化空气,60.00,1人付款,salesparner,广东 茂名
广东高州特产桂味荔枝干生晒核小肉厚农家特产休闲零食500g,36.00,2人付款,bervie,广东 茂名
lycheerose荔枝肉无核无壳荔枝肉厚500g特级非福建干旗舰店,68.00,2人付款,mm066852,广东 茂名
2022特卖2斤正宗高州老树荔枝干生晒桂味干果农人直销无添加剂,59.90,2人付款,少少tqt,广东 茂名
农大纯正无添加高州荔枝蜜土蜂原产地直发原蜜瓶装蜂蜜产品新货,29.00,1人付款,fengfei889,广东 茂名
荔枝乡广式腊肠 电白特产老广绿城腊味香肠煲仔饭400g礼盒装包邮,72.00,1人付款,嘉嘉8026,广东 茂名
高州桂味荔枝干核小肉厚特级2022新货桂康荔枝肉泡茶非糯米糍,67.70,0人付款,鲜世子食品旗舰店,
2022年新荔枝蜜白糖罂桂味纯正天然农家自产野生蜂蜜500克包邮,39.80,2人付款,雨众印象,广东 茂名
桂味特级荔枝干 2020新货 核小肉厚小核1斤整箱非5斤10斤新鲜包邮,52.00,1人付款,tb098181448,广东 茂名
清野农家纯高州根子桂味荔枝干果超特级肉厚核小500g包邮天然美味,86.00,2人付款,陈达恒1891,广东 茂名
2021年新货高州正宗白糖罂荔枝干特产无添加肉厚特级500g新货包邮,28.80,1人付款,优品汇1668,广东 茂名
广东茂名高州荔枝干2022新货特级糯米糍桂味鸡嘴无核小肉厚旗舰店,48.80,3人付款,tb856628501,广东 茂名
广东高州 糯米糍荔枝干 核小肉厚 小核特级 2022新货 桂味,55.00,2人付款,乐淘城1,广东 茂名
热荐广东高州新鲜荔枝干桂味品种1斤,50.00,5人付款,高州纯天然生晒桂圆,
广东高州特产新货桂味荔枝干壳薄肉厚零食干货送礼佳品,29.90,1人付款,鉴河生态农业,广东 茂名
广东龙眼蜜桂圆蜜(荔枝蜜 百花蜜)纯天然 农家自产 土蜂原蜜,45.00,4人付款,乐淘城1,广东 茂名
新货高州桂味荔枝肉 去壳去核荔枝干广东特产级晒干300g包邮,38.80,1人付款,果真靓旗舰店,广东 茂名
天然海螺贝壳荔枝螺卷贝鱼寄居蟹专用替换壳鱼缸造景装饰一斤装,14.90,0人付款,灿灿泳泳,广东 茂名
新货高州荔枝干桂味核小肉厚特级农家自产非无核荔枝干500g包邮,58.00,0人付款,玲玲liang520,广东 茂名
新货高州桂味荔枝肉 去壳去核荔枝干广东特产级晒干300g包邮,38.80,1人付款,果真靓旗舰店,广东 茂名
清野农家纯高州根子桂味荔枝干果超特级肉厚核小500g包邮天然美味,86.00,2人付款,陈达恒1891,广东 茂名
2021年新货高州正宗白糖罂荔枝干特产无添加肉厚特级500g新货包邮,28.80,1人付款,优品汇1668,广东 茂名
天然海螺贝壳荔枝螺卷贝鱼寄居蟹专用替换壳鱼缸造景装饰一斤装,14.90,0人付款,灿灿泳泳,广东 茂名
新货高州荔枝干桂味核小肉厚特级农家自产非无核荔枝干500g包邮,58.00,0人付款,玲玲liang520,广东 茂名
广东高州桂味品种荔枝干200g袋*1高州2022新货核小肉厚全国包邮,39.00,0人付款,强牌果品直营网店,
荔枝九鱼图玄关装饰画实木新中式入户迎门画竖款走廊挂画过道壁画,188.00,2人付款,峻梵旗舰店,广东 茂名
高州特产桂味荔枝干核小肉厚500g特级干货非糯米糍妃子笑莆田无核,28.80,2人付款,chenhai1023,广东 茂名
桂味荔枝干2021新货核小肉厚特级广东高州特产晒干泡茶一斤旗舰店,48.00,2人付款,凡人都是,广东 茂名
纯正蜂蜜纯天然农家自产土蜂蜜百花蜜龙眼蜜荔枝蜜原蜜野生无添加,39.00,0人付款,玲玲liang520,广东 茂名
4711葡萄柚白桃香菜荔枝薄荷红橙罗勒没药金橘小样香水套盒Q香,139.00,0人付款,宅宅宅男,广东 茂名
电动机头猕猴桃黄皮荔枝龙眼花疏花打花剪花剪梢打梢打头打尖机等,58.00,0人付款,qiucaisen,广东 茂名
容姐择食 一品禅荔枝酵素原液350ml粑粑久蹲不顺脸色差大肚腩适用,78.00,0人付款,ivflin,广东 茂名
高州蜂蜜野生农家自产荔枝蜜无添加不掺糖1000g包邮,60.00,0人付款,linyabnxi168,广东 茂名
茂名电白特产荔枝乡纯手工腊肠煲仔饭绿城腊味小吃800g礼盒装包邮,135.00,1人付款,佳贝宠爱,广东 茂名
荔歌食品农家自产直销纯正成熟结晶土蜂原浆鸭脚木蜜龙眼冬蜜,68.00,0人付款,ls农家精选,广东 茂名
【139元4斤】2022新货荔枝干核小肉厚特级桂味整箱4斤糯米糍泡茶,139.30,0人付款,孤狼b组_22,广东 茂名
新货桂圆花满山开 自产自销家蜂蜜龙眼蜜荔枝蜜,48.00,0人付款,高州纯天然生晒桂圆,
黑色平纹荔枝纹十字纹包带斜跨女包带子单肩双肩包皮带子宽带调节,15.08,0人付款,菲歌芙妮服饰旗舰店,
桂味荔枝干广东高州农家生晒新货特级零食核小肉厚干货特产1斤装,38.80,0人付款,dgchenww,广东 茂名
荔枝蜂蜜茂名高州农家自养纯正土蜜蜂农产品天然无添加可即食500g,58.80,0人付款,dgchenww,广东 茂名
新鲜荔枝 糯米糍 桂味 白糖罂 三月红 现摘现发 明年6月再来,20.00,0人付款,tb767250096,广东 茂名
广东茂名特产高州马头牌桂味荔枝干果零食煲汤袋装500g,38.00,2人付款,tb5113200_00,广东 茂名
VIMIPEIN【新款大气风范】品牌严选正品高档荔枝纹头层牛皮手提包,698.00,0人付款,木子溪风,广东 茂名
2022年新货 农家生晒老树桂味荔枝干 荔枝肉干广东茂名 核小肉厚,36.00,0人付款,农家桂圆328,广东 茂名
蜂蜜纯正天然广东高州仙人洞农家自产百花蜜冬蜜荔枝龙眼蜜,48.68,0人付款,seligka,广东 茂名
广东高州白糖罂荔枝树苗高压圈枝荔枝苗妃子笑桂味苗庭院地栽,198.00,0人付款,小翠翠605,广东 茂名
荔枝蜜龙眼蜜枇杷蜜百花蜜桂花蜜冬蜜 巢蜜 礼盒食品级的塑料瓶装,58.00,0人付款,茂名味道,广东 茂名
新货9A大果福建莆田高州桂味荔枝干500g农家特产核小肉厚天然生晒,33.00,0人付款,永香食品,广东 茂名
广东茂名高州农家自产纯天然中蜂蜜土蜂蜜荔枝蜜龙眼蜜包邮,48.00,0人付款,莫凡denggui85820,
丰产灵内蒙古稀土丰产灵龙眼荔枝促花保果水果豆角瓜圣女果丰产,25.00,1人付款,田园山水2012,广东 茂名
两斤 12A桂味荔枝干核小肉厚特级2022新货高州生晒袋装特产包邮,100.07,0人付款,果冠森旗舰店,广东 茂名
2022年新货正宗桂味荔枝干特级小核肉厚精选10A天然生晒500g*2,55.00,2人付款,夜物语旗舰店,广东 茂名
桂味荔枝干核小肉厚2021新货干荔枝肉高州特产干货非无核500g包邮,38.00,0人付款,林秋霞27230,广东 茂名
黑皮鸡枞菌新鲜 现货现摘500克菌菇新鲜山珍菌菇鲜蘑菇食用菌,26.90,0人付款,迅凌食品旗舰店,广东 茂名
正宗广东高州特产桂味新鲜果大核小肉厚天然生晒-特级干包邮,33.00,0人付款,aabanana,广东 茂名
【南国·荔枝香】传统香方手工合香拟花果香线香 香道熏香,60.00,0人付款,salesparner,广东 茂名
荔枝满堂红中式摆件招财镇宅石湾陶瓷公仔装饰新居礼品客厅玄关天,13770.00,0人付款,timdy29,广东 茂名
2022年新货荔枝干500g核小肉厚高州特产农家特产干货零食干,58.00,0人付款,mm066852,广东 茂名
果家人新鲜水果荔枝罐头248g*6罐整箱玻璃瓶装小零食,43.35,0人付款,香绿园旗舰店,广东 茂名
桂味荔枝哥伦比亚天堂庄园双重厌氧处理手冲精品黑咖啡豆120/227g,118.00,0人付款,黑石角,广东 茂名
网红禅意挂虾球松树色荔枝虾球盘子高级感仪式感意境菜餐具包邮,218.02,1人付款,菲歌芙妮服饰旗舰店,
广东岭南特级高州白糖罂年货荔枝干2022新货核小肉厚500g包装袋,34.00,0人付款,tb734698927,广东 茂名
2022年新货荔枝干核小肉厚特级桂味荔枝干旗舰店500g正宗泡茶特产,32.00,1人付款,孤狼b组_22,广东 茂名
【助农产品】品城记甄选 高州荔枝蜜 农家自产 纯天然 500ml/瓶,32.80,24人付款,品城记video,广东 茂名
广东茂名特级桂味糯米糍荔枝干2022新货无核小肉厚整箱500g旗舰店,79.70,5人付款,果惠盛旗舰店,广东 茂名
桂味荔枝干茂名高州农家生晒新货特级干货零食核小肉厚即食3斤装,98.00,0人付款,dgchenww,广东 茂名
天然海螺贝壳荔枝螺卷贝鱼寄居蟹专用替换壳鱼缸造景装饰一斤装,14.90,0人付款,tb82103814,广东 茂名
高州荔枝龙眼洋槐百花农家野生土蜂巢蜂蜜纯正天然瓶装500g包邮,35.00,7人付款,永香食品,广东 茂名
高州2022新货特级干荔枝小核肉厚新鲜荔枝干旗舰店桂味果肉干,29.00,12人付款,桂圆与荔枝,广东 茂名
正宗土蜂蜜纯正天然农家自产荔枝蜜龙眼蜜无添加野生原蜜500g,38.00,13人付款,妙衣荟萃,广东 茂名
新货荔枝蜂蜜包邮百花蜂蜜龙眼蜂蜜糖液态原蜜纯蜜无添加,26.00,82人付款,林燕剑78,广东 茂名
中蜂蜜荔枝龙眼鸭脚木天然原蜜无添加无加工农家自产新货高州杨家,39.80,8人付款,yjs0813,广东 茂名
桂味荔枝干高州特产荔枝干白糖罂中华红荔枝干核小肉厚,28.00,0人付款,高州特产总经销,广东 茂名
茂名味道原生态蜂蜜荔枝蜜龙眼蜜百花蜜枇杷蜜桂花蜜鸭脚木蜜,29.80,1人付款,茂名味道,广东 茂名
蜂蜜纯正天然野生农家自产正宗无添加孕妇荔枝龙眼百花土蜂蜜峰蜜,35.00,1人付款,daiyadao,广东 茂名
老店生晒无硫新品可食用高州干荔枝龙眼桂圆外壳核粉系列包邮,25.00,3人付款,manager2000,广东 茂名
荔枝蜜农家自产原产地蜂场直发龙眼鸭脚木天然原蜜广东高州杨家,19.80,68人付款,yjs0813,广东 茂名
【诗人花园】粉之妍 切花月季，根接苗，大花 浓香 水粉色 香,12.99,15人付款,爱花的诗人,广东 茂名
新荔枝蜜张杰锋山野五倍子蜜乌桕蜜百花蜜冬蜜中蜂封盖不喂糖包邮,39.00,1人付款,天诚公益,广东 茂名
荔枝兰 洪都拉斯白兰地酒桶发酵酒香烘焙手冲精品咖啡豆120/227g,58.00,4人付款,黑石角,广东 茂名
金广兴广东高州桂味荔枝干2022年新货核小肉厚甜而不腻500g9A果,28.00,1人付款,tb4514836814,广东 茂名
深山蜂蜜纯天然正宗百花蜜土蜂蜜龙眼蜜荔枝蜜 农 家自产自销包邮,37.90,3人付款,认公小店,广东 茂名
老爸放养的蜜蜂酿造的荔枝蜜 老顾客喜欢就拍,39.88,2人付款,小q12266,广东 茂名
成熟荔枝蜜野生土蜂农家花蜜自产荔枝蜜无添加500g包邮高州蜂蜜,35.00,1人付款,linyabnxi168,广东 茂名
蜂蜜纯正天然农家蜜自产正宗野土蜂蜜采野生花源荔枝蜜龙眼蜜包邮,39.00,0人付款,猪猪侠1119,广东 茂名
新鲜无农药荔枝树叶 电白荔枝叶 中药材500克包邮,16.80,0人付款,wang王水梅,广东 茂名
【助农产品】高州荔枝蜜龙眼蜜百花枇杷蜜农家自产纯天然500g/瓶,31.80,1人付款,yddking,广东 茂名
桂味荔枝高压苗,18.00,0人付款,shandianmilang,广东 茂名
沙糖橘沃柑桔橙柚柿子荔枝环割剥刀果树控梢促花丰产保果工具神器,17.00,14人付款,tb_5617052,广东 茂名
新荔枝蜂蜜1000g包邮2斤1瓶蜂蜜糖液态蜜无添加,26.00,25人付款,林燕剑78,广东 茂名
环割剥刀果树木荔枝蜜柚沙糖桔苹果柑橘葡萄断水控梢切皮工具神器,1.00,20人付款,tb_5617052,广东 茂名
环割刀果树环剥刀葡萄荔枝树枣树龙眼蜜柚扒皮环剥器园艺工具剪刀,18.00,2人付款,qiucaisen,广东 茂名
环割刀扒皮荔枝果树环剥刀葡萄柑橘桔龙眼树蜜柚环剥器剥树皮园艺,18.00,8人付款,qiucaisen,广东 茂名
高州纯正天然野生农家自产荔枝龙眼蜜土蜂蜜液态蜜冬蜜原蜜无添加,29.00,5人付款,性感妖娆小天使,广东 茂名
特价仿真龙眼假杨梅串束桂圆荔枝水果蔬菜樱桃车里子模型道具,10.00,1人付款,桐桐1688工艺品,广东 茂名
生晒无硫高州荔枝皮荔枝壳粗细粉月子料500g满2件包邮可内外用,9.90,1人付款,manager2000,广东 茂名
仿真水果模型假蔬菜塑料荔枝龙眼橱柜样板装饰摆设幼儿玩具教道具,12.00,1人付款,桐桐1688工艺品,广东 茂名
洪都拉斯荔枝兰净香处理精品手冲美式咖啡豆浅烘焙荔枝白兰地风味,9.00,2人付款,淘其所好,广东 茂名
冻干荔枝脆 FD荔枝干新鲜荔枝低温脱水果花茶综合果蔬干,10.80,1人付款,先有田电子商务有限公司,
蜂蜜纯正天然野生小包装500g纯农家自产土蜂蜜深山挤压瓶龙眼,28.00,0人付款,tb6426670351,广东 茂名
时尚新款女士斜挎包单肩包女式休闲手拿包手机包镶钻纹女小包,11.47,0人付款,菲歌芙妮服饰旗舰店,
家庭食用菌菌种鸡枞菌种三塔包蘑菇菌菇包种植菌棒菌原种植包,12.38,0人付款,雅樊旗舰店,广东 茂名
花岗岩石材大理石地砖户外黑芝麻白黑色路沿石牙黄金麻火烧板,10.00,6人付款,tb155540687,广东 茂名
新鲜荔枝叶荔枝树叶500克,6.00,0人付款,古楼饼铺,广东 茂名
荔枝蜜 泡春砂仁 白术 中蜂蜜,89.00,0人付款,小靖甜心,广东 茂名
新鲜高州荔枝花粉500g克农家天然活性蜜蜂花粉品质纯正未破壁包邮,68.00,0人付款,greentea0322,广东 茂名
热销蜂蜜纯正天然广东省茂名市高州市新鲜龙眼蜂蜜，蜂蜜包邮,75.00,0人付款,喜露丝,广东 茂名
【壹家果农_槐扁枝250g袋】槐扁特级糯米滋荔枝干零食果干干,13.80,0人付款,jim_lu88,广东 茂名
2019年高浓度土蜂蜜 农家自产荔枝蜜 龙眼蜜 百花蜜 成熟原蜜,88.00,0人付款,charliehd,广东 茂名
正宗茂名 农村荔枝蜂蜜 纯天然 原生态蜂蜜 适合所有人群,48.00,0人付款,q50022351,广东 茂名
荔枝干广东高州特产干荔枝500g/袋精选桂味品种带壳核小肉厚,68.00,0人付款,吴忧vs吴宇泽,广东 茂名
荔枝蜜纯正天然无添加当季现采蜂蜜农家自产特产土蜂蜜原生态食品,60.00,0人付款,dinglongguang,广东 茂名
2022新货广东高州 老树10A 糯米糍鸡嘴荔枝干 核小肉厚 500克,58.20,0人付款,参红方旗舰店,广东 茂名
【神州农源】纯正天然原生态蜂蜜农家自产无添加荔枝蜜春蜜,65.00,0人付款,诚商永信,广东 茂名
高州根子特产桂味荔枝干2022新货10a大果核小肉厚香甜无添加,39.00,1人付款,tb323409901681,广东 茂名
蜂蜜纯正天然结晶农家自产荔枝蜜洋槐百花蜜自家养土蜂蜜原蜜包邮,36.80,0人付款,haih11,广东 茂名
高州水果之乡荔枝苗 桂味 糯米糍 妃子笑 白糖罂盆裁地裁苗带土球,23.00,0人付款,怡兴水果,广东 茂名
广东茂名特级糯米糍桂味荔枝干2022新货鲜核小肉厚整箱500g旗舰店,80.70,0人付款,鲜世子食品旗舰店,
斜口环割剥刀果树木荔枝控梢放水工具神器,17.00,20人付款,tb_5617052,广东 茂名
荔枝蜂蜜500g包邮自产 蜜糖原蜜液态蜜,18.00,1人付款,林燕剑78,广东 茂名
荔枝干500g克包邮高州特产农家白蜡荔枝干荔枝干,21.80,3人付款,林燕剑78,广东 茂名
老农民（环割刀）/果树环剥刀/葡萄荔枝枣树桃树，等环割刀片。,6.90,0人付款,qiucaisen,广东 茂名
零0号果树木环割刀荔枝甘橘沙糖桔红橙保果工具,17.00,10人付款,tb_5617052,广东 茂名
仿真水果模型假龙眼桂圆荔枝果蔬摆件超市橱窗装饰品摆设拍摄道具,10.00,0人付款,桐桐1688工艺品,广东 茂名
埃塞俄比亚花妖精品手冲美式咖啡豆浅中烘焙茉莉花甜橙荔枝风味,10.00,0人付款,淘其所好,广东 茂名
粉哈娜/粉荔枝 新品切花月季大花浓香盆栽阳台庭院地栽 根接苗,21.49,0人付款,sharer535813193,广东 茂名
荔枝蜜,95.00,0人付款,tb3341648706,广东 茂名
.电镐花锤头一金式凿p毛锤打毛头桥凝土石材高架混面合体电锤,16.05,0人付款,启优商贸店,广东 茂名
烧烤炭荔枝果木炭烧烤木炭无烟取暖炭耐烧易燃家用木炭一箱烧烤碳,12.46,0人付款,金飞盛优品,广东 茂名
新鲜荔枝 糯米糍 桂味 妃子笑 白糖罂 现摘现发 明年6月份再来,89.00,0人付款,怡兴水果,广东 茂名
厂家直销芝麻白灰黑火烧板花岗岩地砖荔枝面路沿石黄金麻地铺石材,85.00,0人付款,小姐姐五金批发,广东 茂名
荔枝圈枝桂味 糯米糍 白糖罂各种高压苗赔付苗 保持原有品种包邮,28.00,0人付款,怡兴水果,广东 茂名
花岗岩芝麻灰火烧板芝麻黑广场地砖芝麻白路沿石黄锈石面石材,62.50,0人付款,小姐姐五金批发,广东 茂名
广东食用农产品高州特产 荔枝干 500克桂味荔枝干,38.00,0人付款,yuqing1388_2008,广东 茂名
新鲜荔枝 现摘现发 桂味 糯米糍 白糖罂 三月红 5斤顺丰冷链包邮,20.00,0人付款,tb02421694,广东 茂名
环割刀果树环剥刀荔枝蜜柚柑桔环枝剪刀园艺修枝苹果扒树皮环剥器,36.00,0人付款,卷醉百货,广东 茂名
高州桂圆肉干荔枝干土蜂蜜礼盒礼袋专拍,2.00,0人付款,少少tqt,广东 茂名
新货高州桂味荔枝干果糯米糍核小肉厚超特级大果500g袋装现货包邮,42.80,0人付款,依恋5464,广东 茂名
广东茂名特产高州马头牌桂味荔枝干果零食煲汤袋装500g,38.00,2人付款,tb5113200_00,广东 茂名
大容量多层手饰品首饰盒耳钉耳环项链耳饰品展示架戒指收纳盒,77.00,0人付款,湟妮彩商贸三部,广东 茂名
新货老树荔枝干1000克肉厚小核正宗高州鸭绿桂味干农家产带壳生晒,35.80,0人付款,少少tqt,广东 茂名
4711葡萄柚白桃香菜荔枝薄荷红橙罗勒没药金橘小样香水套盒Q香,139.00,0人付款,宅宅宅男,广东 茂名
高州纯正天然野生农家自产荔枝龙眼蜜土蜂蜜液态蜜冬蜜原蜜无添加,29.00,0人付款,日之夜娃娃,广东 茂名
2022新货 荔枝干 核小肉厚小核特级糯米糍1000克(另售桂味鸡嘴荔),81.00,1人付款,百分百纯天然食品,
2022年新货 广东荔枝干核小肉厚 小核特级 妃子笑 (另售糯米糍）,48.00,0人付款,百分百纯天然食品,
新货糯米糍荔枝干核小肉厚广东高州精选12A天然生晒非桂味干,87.03,0人付款,夏吉旗舰店,广东 茂名
白糖罂特级荔枝干 肉厚清甜大果整箱1斤5斤10斤新鲜包邮 2020新货,45.00,0人付款,tb098181448,广东 茂名
广东农家自产土蜂蜜中蜂百花蜜糖荔枝纯正天然野生正宗无添加食品,68.00,0人付款,allen·十三,广东 茂名
蜂蜜纯正天然农家自产真深山野生正宗500g成熟荔枝龙眼百花土蜂蜜,58.80,0人付款,依恋5464,广东 茂名
2022新货特级干荔枝小核肉厚荔枝干荔枝肉干泡茶广东高州干,49.80,6人付款,tb8099599_2013,广东 茂名
广东茂名高州农家自产纯天然中蜂蜜土蜂蜜荔枝蜜龙眼蜜包邮,48.00,0人付款,莫凡denggui85820,
蜂蜜纯正天然农家自产真深山野生正宗500g成熟荔枝龙眼百花土蜂蜜,58.80,0人付款,依恋5464,广东 茂名
荔枝蜜龙眼蜜百花蜜淘九九果园纯正天然自产蜂蜜,68.00,0人付款,fk19930203,广东 茂名
果木炭100斤果木炭原木无烟易燃速燃家用耐烧炭取暖高温果木,29.98,0人付款,飞狼0128,广东 茂名
电锤电镐一体式合金凿毛头花锤打荔枝面混凝土桥路墙面砸花锤凿毛,65.25,0人付款,示书雁百货店,广东 茂名
定制荔枝纹防水科技绒布餐椅套沙发套罩笠凳套坐窗台垫卡座沙发套,39.00,0人付款,tb5124929055,广东 茂名
一年一度的优质成熟土蜂蜜（荔枝花蜜），农家土蜂蜜。,45.00,0人付款,tb57909400,广东 茂名
土蜂蜜荔枝蜜龙眼蜜百花蜜2022年新鲜包邮,68.00,0人付款,9898989800北琪子丽,
新品凿毛锤子手工合金凿麻锤硬质合金齿锤石板材荔枝面混凝土凿毛,32.00,0人付款,恒强企业店,广东 茂名
瓶装蜂蜜纯正天然土蜂蜜农家自产正宗无添加龙眼荔枝桉树儿童适用,60.00,0人付款,tb5741620544,广东 茂名
桂味荔枝干 高州荔枝干,24.98,0人付款,我的田你的甜,广东 茂名
高州根子特产桂味荔枝干2022新货10a大果核小肉厚香甜无添加,39.00,1人付款,tb323409901681,广东 茂名
环刀果树环剥刀环荔枝蜜柚柑桔环枝剪刀园艺枝苹果扒割树皮剥修器,27.00,0人付款,tb6635567497,广东 茂名
纯正蜂蜜天然野生农家产荔枝龙眼百花土蜜儿童孕妇正宗不添加食品,48.00,0人付款,tb788169218658,广东 茂名
广东茂名高州蜂蜜食用农产品 百花蜜荔枝蜜龙眼蜜糖热销500g包邮,58.00,0人付款,qq37214728,广东 茂名
花岗岩大理石材芝麻白灰黑火烧板地铺砖黄锈石荔枝面路沿石麻石板,10.00,6人付款,tb077432703,广东 茂名
高州农家自产纯正天然野生土蜂荔枝蜜500g罐装无添加液态原蜜食品,39.20,1人付款,农村大叔推销农产品,
两斤 12A桂味荔枝干核小肉厚特级2022新货高州生晒袋装特产包邮,128.70,0人付款,金悦商铺,广东 茂名
火烧板石材黄锈石黄金麻花岗岩地砖荔枝面光面天然大理石外墙干挂,10.00,0人付款,tb4207897813,广东 茂名
中蜂蜜土蜂蜜荔枝蜜净重1000克瓶装、农产品、食用,70.00,1人付款,mikeq138,广东 茂名
广东茂名特级糯米糍桂味荔枝干2022新货鲜核小肉厚整箱500g旗舰店,80.70,0人付款,鲜世子食品旗舰店,
零0号果树木环割刀荔枝甘橘沙糖桔红橙保果工具,17.00,10人付款,tb_5617052,广东 茂名
高州桂味荔枝干500g包邮干货部分核小肉厚荔枝,26.00,1人付款,林燕剑78,广东 茂名
埃塞俄比亚碧罗雅净香处理精品手冲意式咖啡豆柑橘荔枝红酒风味,6.00,0人付款,淘其所好,广东 茂名
2022年特卖干荔枝糯米糍干果正宗高州老树荔枝干厚肉农家直销2斤,80.00,0人付款,少少tqt,广东 茂名
广东茂名特产荔枝干特级桂味荔枝干肉厚核小新货500g袋装精选高州,45.00,0人付款,开始豪大大,广东 茂名
荔枝玫瑰酱柠檬百香果蜂蜜柚子茶水果茶冲饮泡水喝的果味蜂蜜茶,28.90,0人付款,tb8450720661,广东 茂名
花锤凿毛头钻头水泥混凝土墙面打荔枝面电镐电锤一体合金打毛神器,7.59,0人付款,我是迪迦奥特曼0601,
花岗岩石材大理石地砖户外黑芝麻白黑色路沿石牙黄金麻火烧板,10.00,6人付款,tb155540687,广东 茂名
正品食用桂味荔枝干广东高州特产核小肉厚农家生晒干500g包邮,35.00,1人付款,tb39444091,广东 茂名
荔枝木炭烧烤碳果木炭碳块原木炭烧烤炉家用无烟烤火取暖火锅商用,15.80,0人付款,wang幸福86755264518565,
荔枝秤香山电子称计价台秤30kg6kg包邮长拓电子秤广衡电子秤,280.00,0人付款,我是fyc,广东 茂名
特级荔枝干桂味新货新鲜核小肉厚非无核高州特产干货,39.00,0人付款,wqt20141985,广东 茂名
蛤蟆草干的菜荔枝草整棵癞蛤蟆草中药新鲜晒干中药蛤蟆草500g包邮,15.80,0人付款,圣百灵药业,广东 茂名
高州水果之乡荔枝苗 桂味 糯米糍 妃子笑 白糖罂盆裁地裁苗带土球,23.00,0人付款,怡兴水果,广东 茂名
荔枝干桂味荔枝干特级干荔枝荔枝干核小肉厚新货荔枝干500克包邮,38.00,1人付款,90后钓鱼者,广东 茂名
新鲜糖水荔枝罐头果肉新鲜整箱学生最爱即食休闲零食看剧食品,16.14,0人付款,tb8450720661,广东 茂名
广东高州 鸡嘴荔枝干 半 小核肉厚 糯米荔枝 非无核 2021新货,53.00,0人付款,乐淘城1,广东 茂名
电动凿毛机手持式混凝土打磨石材荔枝面三头合金磨盘磨轮电动工具,272.00,0人付款,军凯的店3,广东 茂名
10年老店不刷单2022新货高州特产香甜桂味荔枝干即食500克包邮,39.90,0人付款,宠辱不惊1,广东 茂名
包邮1500g广东特产高州马头牌桂味荔枝干肉厚味美500g*3包拍下158,148.00,0人付款,peng01you,广东 茂名
二手（正版）荔枝栽培新技术 福建科学技术出版社 1998年,15.80,0人付款,雪中云豹,广东 茂名
烧烤碳户外烧烤木炭荔枝果木炭块家用取暖炭火锅炭包邮毛重10斤装,54.00,0人付款,郝工厂0001,广东 茂名
桂味荔枝干大果量产广东高州2022新货精选送礼特产肉厚500g无添加,39.99,0人付款,良心果业,广东 茂名
高州荔枝苗 桂味 糯米糍 妃子笑 白糖罂 盘栽地栽苗 带土球发货,39.00,0人付款,tb02421694,广东 茂名
信宜高山野山蜜蜂深山原蜂蜜野山花蜜百花蜜蜂荔枝蜜龙眼蜜野蜂蜜,125.90,0人付款,csm513,广东 茂名
荔枝果木炭高温炭易燃耐烧原木木炭家用烤火取暖木炭无烟烧烤木炭,16.00,0人付款,tb320302931,广东 茂名
蜂蜜深山野生农家散养龙眼蜜荔枝蜜百花蜜纯净蜂蜜冬蜜现发原蜂蜜,125.80,0人付款,tb8944261196,广东 茂名
新鲜荔枝 糯米糍 桂味 白糖罂 妃子笑 现摘现发 明年6月再来,20.00,0人付款,怡兴水果,广东 茂名
新鲜无农药荔枝树叶 电白荔枝叶 中药材500克包邮,13.80,0人付款,垭田村,广东 茂名
蜂蜜农产品无添加荔枝蜜龙眼蜜500g密封瓶装2022新货泡茶水精选,38.88,0人付款,良心果业,广东 茂名
新鲜无农药荔枝树叶 电白荔枝叶 中药材500克包邮,13.80,0人付款,垭田村,广东 茂名
2022包邮热卖500克荔枝干果新货广东高州特产马头牌桂味肉厚味美,58.00,0人付款,peng01you,广东 茂名
高州特产桂味荔枝干正宗农产品核小肉厚零食一斤包邮新鲜生晒优质,31.80,1人付款,许清让,广东 茂名
新鲜荔枝 糯米糍 桂味 白糖罂 妃子笑 现摘现发 明年6月见,88.00,0人付款,怡生水果,广东 茂名
桂味荔枝高压苗,18.00,0人付款,shandianmilang,广东 茂名
新货桂味荔枝干 高州特产干荔枝肉核小肉厚荔枝干零食干果500g袋,28.93,0人付款,晶欢铺子旗舰店,广东 茂名
新货桂味荔枝干 高州特产干荔枝肉核小肉厚荔枝干零食干果500g袋,28.93,0人付款,冠鲜悠旗舰店,广东 茂名
高州特产新鲜生晒桂味荔枝干特级核小肉厚甜袋装新货500g包邮,48.00,0人付款,ba115,广东 茂名
2022新品推荐鲜年货桂味荔枝干核小厚袋装1斤干果干货肉零食,41.30,0人付款,畅想未来我回家,广东 茂名
2斤装蜂蜜纯正天然茂名根子本土荔枝蜜,58.00,0人付款,135166沉默的雪,广东 茂名
茂名高州特产白糖罂荔枝干400g带壳荔枝干果袋装特级大果礼袋新货,49.00,0人付款,tb483807179,广东 茂名
2022年新货桂味荔枝干核小肉厚特级高州特产4斤新鲜包邮袋装现货,128.00,300+人付款,雨众印象,广东 茂名
2022新货高州干荔枝核小肉厚高州特产干货糯米糍特级500g干,58.00,100+人付款,mm066852,广东 茂名
广东茂名特级糯米糍桂味荔枝干2022新货鲜核小肉厚整箱500g旗舰店,99.90,0人付款,tb5152815975,广东 茂名
高州老树桂味新鲜荔枝甜现摘现5 斤爆多汁礼发盒当季鲜果顺丰空运,93.10,0人付款,香卉日用百货,广东 茂名
现货荔枝 新鲜现摘茂名高州爆甜白糖罂荔枝5斤顺丰应当季水果,279.80,0人付款,大福精品商店,广东 茂名
海南妃子笑荔枝海口妃子笑甜新鲜肉厚多汁籽小现采摘,138.36,0人付款,吃货的爱32,广东 茂名
5斤广东新鲜荔枝现摘现发高州荔枝包邮,398.90,0人付款,冯显情12,广东 茂名
老树现摘现发白糖罂荔枝6斤新鲜妃桂子笑味时令水果整箱当季顺丰5,49.78,0人付款,tb950361484779,广东 茂名
冰冻海南妃子笑荔枝新鲜水果当季时令孕妇水果包邮,129.90,0人付款,tb4461978148,广东 茂名
2022新鲜爆甜广东高州妃子笑荔枝现摘现发2/4/6斤孕妇水果包邮,2888.00,0人付款,纳墩商贸,广东 茂名
广西新鲜超大荔枝王水果鸡嘴荔非妃子笑糯米糍现货10斤顺丰,179.40,0人付款,鑫泰诚信店,广东 茂名
仙进奉荔枝新鲜现摘现发茂名高州百年农家老树进贡水果进5斤顺丰,188.00,0人付款,你在听吗杰,广东 茂名
荔枝新鲜水果黑叶白糖罂妃子笑桂味糯米糍冰冻孕妇水果,129.90,0人付款,鲜果百汇果园,广东 茂名
荔枝冰冻水果大果甘甜5斤现货现摘妃子笑白糖罂 桂味孕妇水果包邮,153.60,0人付款,浪漫蔬果百货店,广东 茂名
冰冻荔枝新鲜高州热带白糖罂当季乌叶水果妃子笑现摘海南桂味,79.00,0人付款,八宝福诚信店,广东 茂名
广东桂味荔枝新鲜现摘5斤应季水果孕妇茂名顺丰现发白糖王婴3,65.80,0人付款,tb473946605,广东 茂名
高州深山老树当季现摘现发桂味鲜爆甜新鲜大水果荔枝顺丰空运包邮,170.00,0人付款,永华诚信企业店,广东 茂名
广东茂名高州妃子笑荔枝应季新鲜孕妇水果包邮5 10斤整箱现摘现发,148.00,0人付款,瑞优诚信企业店,广东 茂名
桂味荔枝新鲜10斤现摘现发广东茂名高州笑妃子当季水果包邮糍糯米,213.00,0人付款,tb0264799892,广东 茂名
荔枝 新鲜水果 桂味,50.00,0人付款,大型发凉果店,广东 茂名
荔枝新鲜仙进奉现摘发当季水果广东茂名高州农家老树顺丰包邮5斤,461.10,0人付款,美丽诚信企业店,广东 茂名
广东桂味荔枝新鲜现摘5斤应季水果孕妇茂名顺丰现发白糖王婴3,173.00,0人付款,清茗正品优选,广东 茂名
福建冷冻荔枝10斤新鲜当季黑叶冰冻现发荔枝孕妇特产水果整箱包邮,112.00,0人付款,瑞德诚信企业店,广东 茂名
顺丰桂味荔枝新鲜5斤现摘现发当季水果整箱广东茂名挂增城高州绿,158.40,0人付款,万宏发诚信店,广东 茂名
0WXP22新鲜斤爆2甜妇广东高州妃子笑荔枝现摘现发1-5孕水果包邮直,68.60,0人付款,tb875092354494,广东 茂名
正宗老树荔枝10斤冷冻水果广东白王糖罂应当季整箱包邮5,118.80,0人付款,天天果园诚信企业店,
顺丰空运新鲜大荔枝当季水果现摘现发5斤,125.00,0人付款,艳丽企业店888,广东 茂名
新鲜荔枝现摘现发三月红荔枝当季孕妇时令水果纯甜无酸新鲜,78.00,0人付款,花酒水果,广东 茂名
荔枝新鲜现摘现发白糖婴罂5斤妃子笑水果应当季整箱冷链,143.00,0人付款,鑫琦诚信企业店,广东 茂名
【现摘现货桂味】新鲜茂名高州水果5斤顺丰笑桂味,79.80,0人付款,月月诚信企业店,广东 茂名
广东桂味荔枝冰冻5斤应季水果孕妇茂名顺丰现发白糖王婴3,143.00,0人付款,tb4581565716,广东 茂名
【下单秒发】2022鲜荔枝白糖罂6斤妃当子笑桂季味黑新叶鲜水果4,40.78,0人付款,杜鹃精品水果,广东 茂名
老树桂味白糖新鲜罂糯米荔枝糍当季水果5斤10斤礼盒顺丰空运包邮,188.00,0人付款,咩咩咩诚信店,广东 茂名
荔枝现摘现发妃子笑茂名高州果园树上熟,98.00,0人付款,tb3494352754,广东 茂名
海南妃子笑荔枝5斤早熟现货新鲜水果当季整箱现摘荔枝桂糯味米糍,67.80,0人付款,月月诚信企业店,广东 茂名
顺丰空运新鲜大荔枝当季水果现摘现发5斤,125.00,0人付款,绵连诚信企业店,广东 茂名
荔枝新鲜 现摘茂名高州糯米糍荔枝核小肉厚5斤顺丰应当季水果,237.80,0人付款,月月诚信企业店,广东 茂名
正宗广东茂名高州白糖罂老树荔枝新鲜现摘发应当季水果王顺丰包邮,128.00,0人付款,箭享鲜果,广东 茂名
6斤整箱老树荔枝白糖罂新鲜高州水果现摘现发顺丰,93.88,0人付款,tb9347723620,广东 茂名
顺丰空运新鲜大荔枝当季水果现摘现发5斤,125.00,0人付款,信源诚信企业店,广东 茂名
广东茂名新鲜包邮三月红荔枝孕妇酸甜应季水果当现货现摘整箱 5斤,106.80,0人付款,tb858447512,广东 茂名
广东茂名高州妃子笑荔枝应季新鲜孕妇水果包邮5 10斤整箱现摘现发,140.80,0人付款,图图诚信企业店,广东 茂名
2022白糖罂新鲜荔枝广东茂名高州白糖罂新鲜纯甜当季水果纯甜,105.00,0人付款,王子茶坊,广东 茂名
5斤荔枝 新鲜水果茂名高州白糖罂 当季整箱南山香王桂花顺丰3,688.80,0人付款,大福精品商店,广东 茂名
茂名荔枝新鲜水果广东冰糖罂核小纯甜5斤,398.00,0人付款,qiuchang88,广东 茂名
广东茂名桂味荔枝新鲜采摘冷冻发货孕妇顺丰水果当季整箱10斤大果,75.00,0人付款,浩海诚信企业店,广东 茂名
现摘荔枝 新鲜现发茂名高州爆甜白糖罂荔枝5斤桂妃味水果顺丰包邮,88.00,0人付款,羞花2021,广东 茂名
海南早熟桂花荔枝新鲜5斤妃子笑农家现摘现发孕妇水果顺丰整,188.90,0人付款,家柠正品优选,广东 茂名
广东茂名桂味荔枝新鲜采摘冷冻孕妇顺丰水果当季整箱10斤大果,128.86,0人付款,顺利数据,广东 茂名
寻鱻老树桂味荔枝5斤8斤顺丰空运包邮,999.00,0人付款,一meng一,广东 茂名
【2022现摘现发】新鲜妃子笑荔枝 果大肉厚清甜多汁冷链包邮,159.80,0人付款,alj854750,广东 茂名
福建老树荔枝新鲜包邮6斤整箱现摘现发当季孕妇水果糯米王糍无核5,66.80,0人付款,福运来水果小店,广东 茂名
新鲜海南荔枝妃子笑时令应季生鲜果园新鲜现摘现发,46.00,0人付款,tb875026922009,广东 茂名
现货荔枝 新鲜现摘茂名高州爆甜白糖罂荔枝5斤桂妃味水果顺丰包邮,148.00,0人付款,凯凯水果店1,广东 茂名
荔枝广东省内包邮,368.00,0人付款,tb0687844_00,广东 茂名
【顺丰礼盒】 5斤现发海南妃子笑荔枝水果老树荔枝新鲜非无核,225.80,0人付款,喜洋洋诚信企业店,
自家果园现摘现发荔枝,368.00,0人付款,tb0687844_00,广东 茂名
贡园老树白糖罂荔枝 5斤装 25号开始发货,999.00,0人付款,全额支付,广东 茂名
新品热卖仿真桔子串圣女果荔枝串桂圆樱桃杨梅砂糖桔模型道具摆件,3.80,0人付款,桐桐1688工艺品,广东 茂名
蓝皮荔枝树苗嫁接苗进口品种荔枝树苗当年结果皮盆栽地种,9.90,0人付款,韩粼粼家居专营店,
两斤 12A桂味荔枝干核小肉厚特级2021新货高州生晒袋装特产包邮,98.10,0人付款,果惠盛旗舰店,广东 茂名
桂味荔枝干 高州2021新货小核肉厚1斤袋装荔枝干果干货肉零食,39.00,0人付款,敏子天天,广东 茂名
荔枝干,77.00,0人付款,宝荔农业,广东 茂名
蜂蜜纯正天然野生小包装500g纯农家自产土蜂蜜深山挤压瓶龙眼,45.00,0人付款,tb098181448,广东 茂名
农家自产蜂蜜食品纯正天然野生土蜂荔枝蜜龙眼蜜无添加原蜜液态蜜,71.20,0人付款,农村大叔推销农产品,
2022春蜜南方蜂蜜农产品荔枝龙眼花蜜蜂混采无添加纯天然蜜,35.00,0人付款,mmgyq256,广东 茂名
2022年新货桂味荔枝干核小肉厚特级高州特产500g新鲜包邮袋装现货,35.90,0人付款,灼灼年华华丽之后,
蜂蜜农家自产土蜂蜜荔枝蜜龙眼蜜百花蜜自养野生1斤装冬天结晶蜜,59.80,0人付款,利源烟酒行,广东 茂名
仿真水果假蔬菜 橱柜装饰摄影道具 食品模型 仿真番荔枝 轻款,1.90,0人付款,桐桐1688工艺品,广东 茂名
仿真水果蔬菜仿真花 90号仿真荔枝 释迦 番荔枝,3.50,0人付款,桐桐1688工艺品,广东 茂名
仿真水果 蔬菜 假水果 模型道具 摄影用品仿真反荔枝凤梨释迦包邮,2.20,0人付款,桐桐1688工艺品,广东 茂名
仿真水果模型假塑料荔枝龙眼黄皮桂圆软装饰道玩具水果店摆设样品,10.00,0人付款,桐桐1688工艺品,广东 茂名
高州桂味荔枝干高州荔枝干根子荔枝干无硫非福建广西荔枝干500克,42.00,0人付款,高州水果药材,广东 茂名
【荔枝妞】 老姜黑糖 古法手工 甘蔗压榨 月子糖 500克,20.00,0人付款,爱上流云淡淡,广东 茂名
新鲜龙眼蜜 纯正蜂蜜 天然无添加龙眼花蜂蜜荔枝龙眼蜂蜜 500克,58.00,0人付款,高州特产总经销,广东 茂名
二手（正版种植书）柑橘 荔枝 香蕉 菠萝优质丰产栽培法 1991年,15.80,0人付款,雪中云豹,广东 茂名
二手（正版原书）荔枝、龙眼病虫害防治图谱 1997年 全彩页,15.80,0人付款,雪中云豹,广东 茂名
二手（正版原书）荔枝贮藏保鲜及加工新技术,35.00,0人付款,雪中云豹,广东 茂名
（正版原书）荔枝丰产栽培 广东科技出版社 1995年 纸质发黄,25.00,0人付款,雪中云豹,广东 茂名
（正版旧书）龙眼荔枝施肥技术 金盾出版社 李少泉 傅其五 著,15.80,0人付款,雪中云豹,广东 茂名
二手（正版现货）荔枝、龙眼病虫害防治图谱 1997年 全彩页 包邮,19.80,0人付款,雪中云豹,广东 茂名
二手（正版原书）荔枝贮运保鲜技术 何龙飞 等编,25.00,0人付款,雪中云豹,广东 茂名
二手（正版原书）龙眼荔枝施肥技术 金盾出版社 1998年,15.80,0人付款,雪中云豹,广东 茂名
二手（正版）龙眼荔枝病虫害诊治图谱 福建科学技术出版 全彩页,25.00,0人付款,雪中云豹,广东 茂名
（正版原书）番荔枝 芒果 黄皮 台湾青枣栽培 广东科技出版社,25.00,0人付款,雪中云豹,广东 茂名
（原版旧书） 荔枝丰产栽培 【农村文化丛书】 黄东光,25.00,0人付款,雪中云豹,广东 茂名
二手（正版原书）荔枝龙眼园常用农药 广东科技出版社,25.00,0人付款,雪中云豹,广东 茂名
二手（正版原书）迟熟荔枝高效优质栽培 侯学瑛 主编,15.80,0人付款,雪中云豹,广东 茂名
二手（正版原书）荔枝高产技术问答（修订版） 广东科技出版社,25.00,0人付款,雪中云豹,广东 茂名
岭南纳翠林蜂蜜纯天然原生态无添加农家自产荔枝蜜1000g包邮,96.00,0人付款,tb701776776,广东 茂名
荔枝,200.00,0人付款,李志文199251,广东 茂名
荔枝花束diy材料创意车厘子草莓水果花材料包全套包装纸高级感女,47.63,0人付款,英慧精品c店a,广东 茂名
广绣粤绣 广府文化 广州特色 纯手工刺绣摆件 红荔枝,868.30,0人付款,军凯的店3,广东 茂名
男士拉链钱包真皮长款手拿包头层牛皮荔枝纹手包女士大容量手机包,73.36,0人付款,菲歌芙妮服饰旗舰店,
大号果树环割刀环剥刀环枝剪荔枝葡萄蜜柚果树剥皮环剥刀枣树大树,34.14,0人付款,付票商贸城,广东 茂名
高档复古荔枝皮便携首饰盒耳钉耳环戒指手饰品收纳盒小精致展示架,58.54,0人付款,菲歌芙妮服饰旗舰店,
高档复古荔枝皮便携首饰盒耳钉耳环戒指手饰品收纳盒小精致展示架,59.40,0人付款,菲歌芙妮服饰旗舰店,
蜜蜂荔枝蜜龙眼蜜500g,38.00,0人付款,tb381399727,广东 茂名
广东大目释迦果5斤新鲜水果当季整箱佛头林檎番荔枝热带凤梨3,143.88,0人付款,tb8149150521,广东 茂名
广东大目释迦果5斤新鲜水果当季整箱佛头林檎番荔枝热带凤梨3,143.88,0人付款,tb5757220887,广东 茂名
广东大目释迦果5斤新鲜水果当季整箱佛头林檎番荔枝热带凤梨3,143.88,0人付款,港娟诺,广东 茂名
鸡枞菌种高产包伞把菇菌种荔枝菌三塔菌斗鸡公菌包 人工种植,12.38,0人付款,雅樊旗舰店,广东 茂名
鸡枞菌种高产食用菌人工种植伞把菇荔枝菌斗鸡公三塔菌鸡枞菌包种,8.71,0人付款,雅樊旗舰店,广东 茂名
鸡枞菌种高产种子伞把菇三塔菌荔枝菌云南贵州食用菌种包人工种植,7.82,0人付款,雅樊旗舰店,广东 茂名
石湾陶瓷荔枝摆件客厅玄关酒柜办公室工艺品装饰开业乔迁新居礼品,1576.00,0人付款,timdy29,广东 茂名
手工荔枝摆件热卖桌面屏风玄关摆设石湾陶瓷高端家居装饰摆件天然,470.00,0人付款,timdy29,广东 茂名
石湾荔枝陶瓷摆件公仔客厅创意饰品餐边柜玄关新中式高端大气开业,3520.00,0人付款,timdy29,广东 茂名
石湾荔枝陶瓷摆件公仔客厅创意饰品餐边柜玄关新中式大气开业天然,1189.00,0人付款,timdy29,广东 茂名
喜获大利水浪如意荔枝茶宠摆件精品可养茶玩茶道茶具配件石湾陶瓷,520.00,0人付款,timdy29,广东 茂名
荔枝满堂红水果摆件石湾陶瓷公仔手工年货中式客厅会所家居装饰品,5720.00,0人付款,timdy29,广东 茂名
石湾陶瓷荔枝摆件客厅玄关酒柜办公室工艺品装饰开业乔迁新居礼品,1576.00,0人付款,timdy29,广东 茂名
创意卡通汽车钥匙扣ins可爱水果菠萝荔枝锁匙扣男女情侣包包挂饰,7.32,0人付款,菲歌芙妮服饰旗舰店,
合金花锤 电镐花锤头电锤凿毛头荔枝墙面凿毛锤 混凝土桥梁高架桥,24.60,0人付款,纯净水魔方1,广东 茂名
电锤电镐一体式合金凿毛头花锤打荔枝面混凝土桥路墙面砸花锤凿毛,65.25,0人付款,昊芬百货网店,广东 茂名
摘水果高枝剪伸缩高空剪摘果剪采果荔枝槐花剪树枝剪刀摘果神器,76.02,0人付款,军凯的店3,广东 茂名
石湾陶瓷荔枝摆件客厅玄关酒柜办公室工艺品装饰开业乔迁新居礼品,1576.00,0人付款,timdy29,广东 茂名
创意卡通汽车钥匙扣ins可爱水果菠萝荔枝锁匙扣男女情侣包包挂饰,7.32,0人付款,菲歌芙妮服饰旗舰店,
合金花锤 电镐花锤头电锤凿毛头荔枝墙面凿毛锤 混凝土桥梁高架桥,24.60,0人付款,纯净水魔方1,广东 茂名
电锤电镐一体式合金凿毛头花锤打荔枝面混凝土桥路墙面砸花锤凿毛,65.25,0人付款,昊芬百货网店,广东 茂名
摘水果高枝剪伸缩高空剪摘果剪采果荔枝槐花剪树枝剪刀摘果神器,76.02,0人付款,军凯的店3,广东 茂名
荔核山水低碳民宿·浮山岭荔枝荔核山水低碳民宿·浮山岭,99.00,0人付款,小猪短租民宿旗舰店,
茂名荔核山水低碳民宿荔枝,129.00,0人付款,北京爱游易短租民宿专营店,
汕湛包茂高速口荔枝之乡全新小区电梯房整租。,350.00,0人付款,小猪短租民宿旗舰店,
创意茶道茶具配件茶玩茶桌可养玩迷你小摆件荔枝茶宠摆件冲水变色,20.59,0人付款,菲歌芙妮服饰旗舰店,
天然白玛瑙手链女冰种玉髓单圈手串男荔枝冻散珠白色串珠水晶珠子,31.70,0人付款,军凯的店3,广东 茂名
大理石地砖户外黑芝麻白黑路沿石牙黄金麻荔枝面火烧板花岗岩石材,10.00,0人付款,tb219308740,广东 茂名
防滑青石荔枝面凿道面庭院铺路老石板年代仿古砖錾道面青石板地砖,22.80,0人付款,军凯的店3,广东 茂名
花岗岩大理石材芝麻白灰黑火烧板地铺砖黄锈石荔枝面路沿石麻石板,10.00,0人付款,tb219308740,广东 茂名
花岗岩芝麻灰黑荔枝光面黄金麻庭院地砖路沿大理石材火烧板芝麻白,10.00,0人付款,tb4207897813,广东 茂名
荔枝干高州桂味荔枝干 皮薄肉厚核小产自荔枝之乡的500g,38.00,0人付款,茂名味道,广东 茂名
新货高州特产桂味荔枝干500g特级糯米荔枝肉厚香甜无熏硫干货包邮,32.00,0人付款,x班头,广东 茂名
2斤高州桂味荔枝干核小肉厚天然新鲜农家精选干果即食泡茶2袋包邮,90.40,0人付款,果惠盛旗舰店,广东 茂名
桂味荔枝干2021新货2斤高州特产生晒核小肉厚特级包邮袋装现货,105.14,0人付款,鲜世子食品旗舰店,
2021年新货桂味荔枝干核小肉厚特级高州特产500g新鲜袋装现货,68.00,0人付款,尚武诚信店,广东 茂名
荔枝干2022新货核小肉厚特级高州生晒500g袋装包邮桂味干,39.80,0人付款,daiyadao,广东 茂名
两斤 12A桂味荔枝干核小肉厚特级2022新货高州生晒袋装特产包邮,110.08,0人付款,芯柒依旗舰店,广东 茂名
2斤高州桂味荔枝干核小肉厚天然新鲜农家精选干果即食泡茶2袋包邮,92.40,0人付款,鲜世子食品旗舰店,
荔枝果肉干肉厚新货泡茶新鲜正宗生晒干的礼袋清甜美味健康高州,53.90,0人付款,健康生活食品店,广东 茂名
荔枝干 核小肉厚 2021年新货 广东高州特产 鸡嘴荔 干,49.90,0人付款,lyc74009221730,广东 茂名
英伦尖头小短靴真皮荔枝纹牛皮高帮鞋男时尚韩版一脚蹬切尔西男靴,677.84,0人付款,军凯的店3,广东 茂名
二手（正版原书）龙眼荔枝施肥技术 金盾出版社,15.80,0人付款,雪中云豹,广东 茂名
二手（正版原书）荔枝龙眼杧果沙田柚控梢促花保果综合调控技术,68.00,0人付款,雪中云豹,广东 茂名
二手（正版）荔枝龙眼栽培实用技术 陈洪才 编著,15.80,0人付款,雪中云豹,广东 茂名
PU女包带配件包带子单肩斜挎包带荔枝纹双肩包带包包配件调节带,13.41,0人付款,菲歌芙妮服饰旗舰店,
"老奖券彩票收藏 ""南粤风采""电脑福利彩票 高州根子镇浩瀚荔枝林",1.00,0人付款,无明1980,广东 茂名
枣红荔枝纹手腕带配件包带提手手拿包手挽带手包拎V带手提小包带,82.00,0人付款,噶破百货店,广东 茂名
PU女包带配件包带子单肩斜挎包带荔枝纹双肩包带包包配件调节肩带,15.08,0人付款,菲歌芙妮服饰旗舰店,
韩版简约百搭水钻方扣装饰腰带连衣裙腰封荔枝纹PU皮平滑扣皮带女,41.13,0人付款,菲歌芙妮服饰旗舰店,
深山农家放养自产纯天然龙眼蜜荔枝蜜土蜂蜜纯正无添加正宗靓蜂蜜,88.00,0人付款,美味果园企业店,广东 茂名
茂名蜂蜜纯正天然农家自产正宗冬蜜结晶百花蜜蜂糖浆1斤蜜,58.00,0人付款,兴活家居企业店,广东 茂名
火龙果袋番石榴荔枝白色纸袋种植杨桃果子套袋神器葡萄柑桔包果袋,9.24,0人付款,英慧精品c店a,广东 茂名
情人节生日水果橙子荔枝榴莲花束同城速递茂名市茂南区电白区花店,138.00,0人付款,俊喧520诚信鲜花,广东 茂名
情人节生日荔枝榴莲花束同城速递茂名市高州市化州市信宜市花店,138.00,0人付款,俊喧520诚信鲜花,广东 茂名
情人节生日橙子荔枝水果榴莲花束同城速递茂名市茂南区电白区花店,138.00,0人付款,亿风花语,广东 茂名
进口荔枝纹仿真皮抱枕现代简约风格沙发大靠垫椅子腰垫腰枕床头枕,197.24,0人付款,军凯的店3,广东 茂名
高空剪树枝剪采大号高枝剪修枝剪刀踩果剪摘采果龙眼摘采剪,25.98,0人付款,小田百货批发,广东 茂名
高端陶瓷荔枝摆件客厅玄关酒柜办公室工艺品装饰开业乔迁新居奢华,3352.00,0人付款,炫风服饰店,广东 茂名
电锤电镐钻头合金花锤头混凝土高架桥荔枝面现浇板砼变面钢凿打.,20.20,0人付款,三霞百货商贸,广东 茂名
电锤电镐钻头合金花锤头混凝土高架桥荔枝面现浇板砼变面钢凿打毛,31.60,0人付款,小田百货批发,广东 茂名
