﻿商品名,价格,店铺,发货地址,销量
高州荔枝新鲜白糖罂现摘现发当季妃子桂笑味老树大果整箱6斤包邮,88.8,tb01057554,广东 茂名,0.0
荔枝新鲜冰冻白糖婴罂5斤妃子笑水果应当季整箱桂6味顺丰冷链,87.2,陈娅娅65059910,广东 茂名,0.0
广东茂名荔枝新鲜冰冻6斤白糖罂老树大果新鲜水果黑桂叶味整箱10,113.4,陈娅娅65059910,广东 茂名,0.0
荔枝新鲜包邮5斤广东水果桂味糯米糍妃子笑白糖罂荔枝现摘整箱,49.0,欧芮雪,广东 茂名,23.0
顺丰包邮茂名高州白糖罂荔枝新鲜现摘现货高山果园直发顺丰包邮,108.0,天亦有涯,广东 茂名,1.0
桂味荔枝新鲜10斤现摘现发广东茂名高州笑妃子当季水果糍糯米,252.8,你在听吗杰,广东 茂名,0.0
2022年新鲜茂名白糖罂桂荔枝现摘现发新鲜采摘整箱6斤装冰冻,152.0,沁雨诚信企业店,广东 茂名,1.0
广东茂名桂味荔枝新鲜采摘冷冻发货孕妇顺丰水果当季整箱10斤大果,75.8,柏然诚信企业店,广东 茂名,10.0
【当天现发】荔枝新鲜白糖罂6斤爆甜冷链包邮妃桂子笑味当季水果5,121.8,tb0489463917,广东 茂名,0.0
广东茂名新鲜包邮三月红荔枝孕妇酸甜应季水果当现货现摘整箱 5斤,105.8,tb067408047,广东 茂名,0.0
荔枝新鲜现摘现发白糖婴罂5斤妃子笑水果应当季整箱冷链,123.0,昌盛诚信企业店,广东 茂名,0.0
广东茂名高州桂味荔枝新鲜现发包邮10斤王无核米糍糯糖罂白笑妃子,129.9,便民蔬果园,广东 茂名,1.0
高州荔枝白糖罂中华红老树荔枝顺丰空运冷链端午佳品,58.8,tb260100_2013,广东 茂名,0.0
【顺丰冷链】广东老树白糖罂荔枝6斤新鲜现摘现发桂水味妃4子笑果,139.9,绿色蔬果园,广东 茂名,1.0
化州荔枝包邮五仁拖罗蛋黄大月饼素材,48.0,家家电商,广东 茂名,3.0
荔枝新鲜冰冻白糖婴罂5斤妃子笑水果应当季整箱桂6味顺丰冷链,87.2,北方的樱花树,广东 茂名,10.0
老树荔枝白糖罂现摘现发小核新鲜甜水果孕妇整箱6斤当季整箱包邮,89.88,陬盛百货店,广东 茂名,0.0
妃子笑荔枝新鲜现摘5斤大果水果新鲜当季整箱广东茂名老树甜10,99.8,tb2564252970,广东 茂名,1.0
桂味荔枝冷冻 老兵新鲜现发广东茂名高州老树农家岭南应季水果进,79.8,万润正品优选,广东 茂名,1.0
冷冻海南妃子笑荔枝5斤非新鲜水果当季整箱王孕妇桂现摘早熟,73.0,tb9480165959,广东 茂名,11.0
冷冻海南妃子笑荔枝5斤非新鲜水果当季整箱王孕妇桂现摘早熟,74.0,tb2197393277,广东 茂名,14.0
现货现摘新鲜妃子笑荔枝大果当季水果5斤孕妇水果整箱包邮,35.8,mitao12,广东 茂名,1.0
糯米糍荔枝冷冻新鲜现发广东茂名高州老树荔枝岭南农家水果5斤,268.0,原野乡村水果店,广东 茂名,0.0
冰冻荔枝 新鲜现发茂名高州爆甜白糖罂荔枝5斤桂妃味水果顺丰,127.0,海辉诚信企业店,广东 茂名,2.0
冷冻桂味荔枝新鲜现摘发广东茂名高州百年老树当季水果3/5斤顺丰,42.8,壹号水果店,广东 茂名,2.0
5斤新鲜荔枝广东高州现摘现发10斤时令水果包邮,408.0,高州长坡土特产,广东 茂名,0.0
荔枝新鲜5斤茂名高州老树白糖罂鲜荔枝现摘纯甜当季水果整箱,53.8,月月诚信企业店,广东 茂名,0.0
冰冻荔枝 新鲜现发茂名高州爆甜白糖罂荔枝5斤桂妃味水果顺丰,147.0,泽润精品店,广东 茂名,0.0
荔枝新鲜速冻黑叶荔枝孕妇水果老树5斤当季整箱顺丰包邮10斤,75.0,淘气宝宝诚信店,广东 茂名,1.0
广东茂名桂味荔枝新鲜采摘冷冻孕妇顺丰水果当季整箱10斤大果,76.0,瑞航诚信企业店,广东 茂名,0.0
2022老树新鲜荔枝白糖罂现摘现发纯天然当季孕妇水果整箱顺丰包邮,188.8,tb610476875,广东 茂名,0.0
冷冻海南妃子笑荔枝5斤非新鲜水果当季整箱王孕妇桂现摘早熟,74.0,娜娜的水果小店,广东 茂名,2.0
精选大果礼盒新鲜荔枝正宗广东高州现摘现发妃子笑顺丰空运包邮,288.0,高州长坡土特产,广东 茂名,0.0
正宗老树荔枝10斤冷冻水果广东白王糖罂应当季整箱包邮5,118.8,tb222454247028,广东 茂名,0.0
荔枝新鲜现摘现发高州白糖罂顺丰当季水果5斤糯米滋桂6味整箱包邮,56.9,蜻蜓点水蝴蝶结,广东 茂名,0.0
海南妃子笑荔枝海口妃子笑甜新鲜肉厚多汁籽小现采摘,138.36,tb610476875,广东 茂名,0.0
海南荔枝超大超甜新鲜速冻荔枝5斤当季孕妇水果顺丰包邮现货,268.0,淘气宝宝诚信店,广东 茂名,0.0
广东茂名高州桂味荔枝信,120.0,zhen77125,广东 茂名,0.0
现货现摘现发老树新鲜荔枝应季水果妃子5笑黑叶乌叶整箱6斤,235.0,昌盛诚信企业店,广东 茂名,0.0
现摘荔枝 新鲜现发茂名高州爆甜白糖罂荔枝5斤桂妃味水果顺丰,216.0,星辰诚信企业店,广东 茂名,0.0
现货顺丰广东白糖罂荔枝现摘新鲜水果高州桂糯米味妃子糍笑包邮5,299.0,果蔬好物,广东 茂名,0.0
新鲜冰冻荔枝桂味花香当季孕妇水果现摘发货糯米白糖整箱罂5斤糍,168.0,诚悦诚信企业店,广东 茂名,1.0
白糖罂高州老树冰冻鲜荔枝现摘现发整箱新鲜广东茂名当季孕妇水果,138.0,胖胖诚信企业店,广东 茂名,1.0
冰冻荔枝现摘现发三月红荔枝当季孕妇时令水果纯甜无酸新鲜,199.0,贵吉正品优选,广东 茂名,0.0
海南妃子笑荔枝5斤新鲜水果当季整箱王孕妇桂早熟现摘3味,94.0,星辰诚信企业店,广东 茂名,0.0
老树荔枝白糖罂现摘现发小核新鲜甜水果孕妇整箱6斤当季顺丰,999.0,tb69756544453,广东 茂名,0.0
广东高州根子贡园千年荔枝5斤爆甜（现货秒发）伍家农村合作社,52.0,茂名晨希食品,广东 茂名,0.0
【顺丰空运 现摘现发】广东茂名高州 当季白糖罂新鲜水果 5斤,172.0,彩洁诚信店,广东 茂名,0.0
冰冻荔枝新鲜10斤应当季现摘黑叶冷冻鲜荔枝孕妇特产水果整箱包邮,112.0,瑞德诚信企业店,广东 茂名,0.0
正宗桂味荔枝5斤新鲜水果应当季整箱王孕妇白糖妃子3婴笑冰冻,130.0,瑞光诚信企业店,广东 茂名,1.0
广东茂名桂味荔枝新鲜采摘冷冻孕妇顺丰水果当季整箱10斤大果,87.0,豪研宝贝,广东 茂名,3.0
海南早熟桂花荔枝新鲜5斤妃子笑农家现摘现发孕妇水果顺丰包邮整,165.52,平价蔬菜园,广东 茂名,0.0
2022现货现摘新鲜荔枝三月红荔枝大果应季水果4斤6孕妇新鲜包邮,78.8,tb742656472421,广东 茂名,0.0
老树白糖罂荔枝6斤新鲜冰冻桂当味妃4子笑水果整箱季顺丰包邮,83.85,陈娅娅65059910,广东 茂名,0.0
桂味荔枝新鲜10斤冰冻广东茂名高州笑妃子当季水果包邮糍糯米,258.0,乾锦程诚信店,广东 茂名,0.0
桂味荔枝 老兵新鲜速冻现发广东茂名高州老树农家岭南应季水果,204.0,盛好正品优选,广东 茂名,0.0
【顺丰空运】正宗高州新鲜荔枝 礼盒精选大果30个一箱特大果包邮,398.0,高州长坡土特产,广东 茂名,0.0
化州荔枝包邮五仁拖罗蛋黄小月饼素材,13.0,家家电商,广东 茂名,4.0
高州白糖罂荔枝6斤新鲜水果当季整箱包邮王孕妇桂现摘早熟味,39.99,tb402335970322,广东 茂名,0.0
茂名高州荔枝9元每斤（桂味，妃子笑，白糖罂，糯米糍，新兴）,9.0,黄书荣1,广东 茂名,0.0
电白荔枝新鲜妃子笑 现摘现发广东茂名水果荔枝 白腊 包邮,236.0,佃农小铺,广东 茂名,0.0
高州新鲜荔枝现摘现发老树大果白糖罂当季孕水果整箱5斤顺丰包邮,59.8,tb5827131_88,广东 茂名,0.0
新鲜水果荔枝白糖罂孕妇水果现摘现发带箱6斤现货包邮,598.0,11nov1,广东 茂名,0.0
广东茂名荔枝新鲜现摘6斤白糖罂老树大果新鲜水果黑桂叶味整箱10,39.8,tb0489463917,广东 茂名,0.0
当季荔枝新鲜水果包邮广东茂名高州白糖罂荔枝整箱6斤现摘现发,79.0,惟诺期舰店,广东 茂名,0.0
糯州米糍荔枝丰新鲜水果5斤顺包邮现摘现发茂名高农家,196.2,tb792448917910,广东 茂名,0.0
茂名 高州贡园荔枝 白糖罂 水果 生鲜 妃子,58.0,帝唯雅525,广东 茂名,0.0
广东茂名桂味荔枝新鲜采摘冷冻发货孕妇顺丰水果当季整箱10斤大果,75.8,北方的樱花树,广东 茂名,0.0
广东新鲜三月红酸荔枝现摘现发当季孕妇水果顺丰空运3斤5斤,33.0,瑶瑶诚信企业店,广东 茂名,0.0
广东茂名高州新鲜荔枝新鲜现摘发货当应季水果5斤,238.9,冯显情12,广东 茂名,0.0
5斤新鲜荔枝广东茂名高州新鲜现摘现发水果包邮,238.9,冯显情12,广东 茂名,0.0
【桂味荔枝】新鲜现摘小核现发茂名高州老树荔枝当季水果包邮,60.99,tb513650547,广东 茂名,0.0
正宗桂味荔枝新鲜现发包邮广东高州10斤王无核米糍糯糖罂白进奉仙,999.0,musicbox0205,广东 茂名,0.0
【荔枝】桂味白糖新鲜罂现摘现发爆甜水果顺丰空运5斤礼盒装,228.0,盛磊德诚信店,广东 茂名,0.0
广东新鲜荔枝三月红孕妇酸甜应季当季水果现摘现发现货整箱包邮大,98.0,tb337749010,广东 茂名,0.0
冷冻海南妃子笑荔枝5斤非新鲜水果当季整箱王孕妇桂现摘早熟,74.0,北方的樱花树,广东 茂名,2.0
荔枝新鲜现摘现发妃子笑顺丰白糖婴罂5斤水果应当季整箱桂6味包邮,88888.0,格盈商贸4店,广东 茂名,0.0
顺丰空运新鲜荔枝现发广东茂名高州白糖罂农家桂当季味水果10斤装,78.0,armsj,广东 茂名,0.0
妃子笑荔枝新鲜10现货整箱5斤糯米糍白糖罂桂味现摘水果,194.35,鑫泰诚信店,广东 茂名,0.0
广东茂名桂味荔枝新鲜采摘冷冻孕妇顺丰水果当季整箱10斤大果,75.8,tb5387055240,广东 茂名,1.0
广西新鲜超大荔枝王水果鸡嘴荔非妃子笑糯米糍现货10斤顺丰,128.8,绿之源诚信店,广东 茂名,0.0
现货斤荔枝 新鲜现摘茂名高州爆甜白糖罂荔枝邮5顺丰包应当季水果,112.86,ta854156,广东 茂名,2.0
高州妃子笑荔枝现摘现发新鲜孕妇5斤时令水果应当季早熟桂花包邮,999.0,余陈伟54,广东 茂名,0.0
2022荔枝新鲜现摘妃子笑当季时令水果孕妇甜应季整箱5斤顺丰包邮,119.0,沐阳原产地,广东 茂名,2.0
高州深山老树当季现摘现发白糖罂爆甜新鲜精品大水果顺丰空运,140.4,尚亿商铺,广东 茂名,0.0
新鲜荔枝现摘现发6斤白糖婴罂妃子笑水果应当季整箱桂8味整箱包邮,143.4,alj854750,广东 茂名,0.0
广东桂味荔枝新鲜现摘5斤应季水果顺丰现发孕妇茂名王礼盒10,156.8,tb2564252970,广东 茂名,0.0
广东茂名桂味荔枝新鲜采摘冷冻发货孕妇顺丰水果当季整箱10斤大果,75.8,tb586749513,广东 茂名,4.0
冷冻海南妃子笑荔枝5斤非新鲜水果当季整箱王孕妇桂现摘早熟,74.0,宛凝生鲜企业店,广东 茂名,0.0
新鲜荔枝 马贵荔9月荔枝现摘现发爆甜多汁超大个包邮老树小核厚肉,278.0,1257882163fy,广东 茂名,0.0
荔枝 新鲜现摘现发 应季5斤整件 茂名高州水果整箱散装 冷链包邮,88.8,卖货郎08,广东 茂名,0.0
老树现摘现发白糖罂荔枝6斤新鲜妃桂子笑味时令水果整箱当季顺丰5,49.78,tb0489463917,广东 茂名,0.0
【新品上新】新鲜香甜荔枝白糖婴罂当季农家特产现冷冻现发整箱包,85.9,tb952277494,广东 茂名,0.0
【现摘秒发】新鲜现摘茂名白糖罂荔枝当季水果整箱桂叶味妃黑子笑,40.68,tb513650547,广东 茂名,0.0
海南妃子笑荔枝5斤新鲜水果当季整箱包邮王孕妇桂现摘早熟,93.94,tb908528986300,广东 茂名,0.0
广东大目释迦果5斤新鲜水果当季整箱佛头林檎番荔枝热带凤梨包邮3,98.8,铂果旗舰店,广东 茂名,9.0
只发大果】超甜牛奶凤梨释迦果5斤当季水果新鲜现摘番佛头果,93.8,佳时光旗舰店,广东 茂名,2.0
顺丰大果 红毛丹新鲜3斤应当季毛荔枝孕妇水果现摘整箱包邮5,46.8,橙太尉公旗舰店,广东 茂名,1.0
顺丰包邮泰国大目凤梨释迦果番荔枝新鲜当季水果大果佛头果1到4斤,109.9,溢鲜园诚信店,广东 茂名,0.0
整箱热带凤梨番荔枝3水果林檎佛头当季5果大目广东释迦新鲜斤,96.8,tb80350373,广东 茂名,0.0
泰国大目释迦果新鲜水果包邮6斤整箱顺丰牛奶凤梨番大林檎5,98.8,橙太尉公旗舰店,广东 茂名,0.0
5斤礼盒装 牛奶大目释迦果新鲜水果当季番荔枝摩尼果林檎整箱包邮,112.84,瑞德诚信企业店,广东 茂名,1.0
广东牛奶释迦果新鲜水果包邮 4斤装大目番荔枝林檎果佛头瓜牟尼果,46.5,萌萍百货店,广东 茂名,0.0
泰国大目释迦果新鲜水果5斤整箱顺丰牛奶凤梨大林檎番包邮,75.8,tb5254672519,广东 茂名,0.0
荔枝干2022新货核小肉厚特级高州生晒500g袋装包邮桂味干,49.8,戴超亮,广东 茂名,500.0
2022新货高州生晒桂味荔枝干核小肉厚特级干荔枝干货特产500g包邮,36.0,那酷吧,广东 茂名,500.0
12A桂味荔枝干3斤 2022年新货高州生晒核小肉厚农家特产老兵,98.0,super_light6718,广东 茂名,500.0
12A桂味荔枝干核小肉厚特级2022新货高州生晒袋装特产包邮两斤装,66.9,daifei295714,广东 茂名,600.0
2022年新货桂味荔枝干核小肉厚特级高州特产500g新鲜包邮袋装现货,49.8,雨众印象,广东 茂名,64.0
2022年新货荔枝干核小肉厚正宗桂味荔枝干旗舰店1斤瓶整箱特级泡,56.0,孤狼b组_22,广东 茂名,35.0
2022新货广东高州 老树10A 糯米糍鸡嘴荔枝干 核小肉厚特级 500克,47.0,乐淘城1,广东 茂名,200.0
糯米糍荔枝干新货核小肉厚2022年新货500g包邮小核特级米枝干,68.0,雨众印象,广东 茂名,17.0
桂味荔枝干特级大果2022年14A新货核小肉厚高州特产250g新鲜包邮,29.9,tb238873074,广东 茂名,92.0
土蜂蜜纯正天然农家自产正宗野生荔枝蜜2斤装正品非结晶蜜百花蜜,69.0,dinglongguang,广东 茂名,100.0
荔枝干新鲜高州特产桂味核小肉厚年货特级送礼零食果干2022新货,39.8,戴国亮22,广东 茂名,66.0
容姐择食高州农家纯正龙眼桂圆荔枝蜂蜜天然野生春奶茶店专用原蜜,58.0,ivflin,广东 茂名,36.0
荔枝干2022新货无核小肉厚糯米糍桂味特级深圳手信状元红增城500g,48.0,tb856628501,广东 茂名,19.0
新货糯米糍荔枝干核小肉厚广东高州精选12A天然生晒非桂味干,68.8,那酷吧,广东 茂名,62.0
桂味荔枝干特级大果2022年生晒500g新货核小肉厚高州特产新鲜包邮,49.8,tb238873074,广东 茂名,99.0
荔枝干2022新货特级干荔枝核小肉厚高州桂味干荔枝特级小核糯米糍,29.8,雨翔vs醉清风,广东 茂名,10.0
桂味荔枝干核小肉厚茂名高州农家特产送礼年货5斤装干果特惠新货,158.0,戴国亮22,广东 茂名,21.0
2022年新货高州生晒核小肉厚12A桂味荔枝干500g,49.8,super_light6718,广东 茂名,65.0
无核荔枝肉特级荔枝干2021新货罐装无核纯肉500g高州特产桂味肉厚,58.0,tb6426670351,广东 茂名,11.0
广东茂名树桩嫁接荔枝树大树苗桂味白糖罂高压圈枝特大苗南方种植,158.0,小翠翠605,广东 茂名,2.0
容姐择食@桂味荔枝干核小肉厚精选特级茂名高州特产2斤包邮,68.0,ivflin,广东 茂名,30.0
广东高州特产新鲜生晒桂味荔枝干特级核小肉厚甜袋装新货500g包邮,33.0,永香食品,广东 茂名,11.0
新货桂味荔枝干500g农家高州特产核小肉厚非糯米糍妃子笑莆田无核,39.8,国际干果作坊,广东 茂名,53.0
3斤高州特产桂味荔枝干核小肉厚农家即食清甜天然生晒精选3袋包邮,84.8,荔园农产品,广东 茂名,8.0
纯正天然农家自产蜂农直销荔枝蜂蜜纯真原蜜无添加野生成熟土蜂蜜,59.0,13727712699w,广东 茂名,58.0
2022新货桂味荔枝干高州特产核小肉厚500g无添加特级现货新鲜包邮,39.8,优品汇1668,广东 茂名,16.0
荔枝干2022新货大果广东高州荔枝干特级500g桂味干肉厚核小,59.0,mm066852,广东 茂名,12.0
荔枝干肉厚核小香甜正宗高州老树桂味零食泡水广高杨家新货500g,36.0,yjs0813,广东 茂名,28.0
荔枝蜜 蜂蜜纯正天然野生农家自产正宗无添加孕妇荔枝龙眼土蜂蜜,50.0,daiyadao,广东 茂名,5.0
新货高州生晒桂味荔枝干核小肉厚果真靓特靓级干荔枝500g干货包邮,36.0,果真靓旗舰店,广东 茂名,10.0
广东高州特产新鲜生晒桂味荔枝干特级大果核小肉厚甜袋装新货500g,33.0,aabanana,广东 茂名,13.0
蜂蜜纯正天然野生荔枝蜜2022新货龙眼蜜500g正宗农家自产土蜂蜜,39.8,戴超亮,广东 茂名,13.0
2022新货精选特级高州桂味荔枝干肉厚核小500g包邮,38.0,有鱼的沙漠,广东 茂名,45.0
高州老树桂圆干桂味荔枝干组合套装肉厚核小特级龙眼干天然干,58.0,妙衣荟萃,广东 茂名,33.0
荔枝干2022新货特级干荔枝小核肉厚荔枝肉干泡茶广东高州干,49.8,tb8099599_2013,广东 茂名,27.0
广东岭南10A特级高州糯米糍荔枝干2022新货核小肉厚 拍一件发2斤,87.8,tb734698927,广东 茂名,2.0
农家自产纯正天然荔枝蜂王浆春浆高活性蜂皇浆原浆无提纯顺丰发货,198.0,13727712699w,广东 茂名,7.0
茂名荔枝乡电白特产广式甜味切肉腊肠腊味400g精选猪肉广东煲仔饭,68.0,荔枝乡食品,广东 茂名,6.0
广东岭南9A特级高州糯米糍年货荔枝干2022新货核小肉厚500g包装袋,43.8,tb734698927,广东 茂名,5.0
新货特级大果高州特产白糖罂荔枝干500g无熏硫农家干肉厚香甜,23.8,国际干果作坊,广东 茂名,26.0
【诗人花园】粉荔枝月季 大花浓香 荔枝果香味花苗，根接苗，V12,22.99,爱花的诗人,广东 茂名,25.0
2022年特卖“荔王”鸡嘴荔枝干正宗高州老树荔枝干果厚肉直销2斤,75.0,少少tqt,广东 茂名,3.0
野生正宗土蜂蜜纯正天然农家自产荔枝蜜非结晶百花蜜无添加蜂巢蜜,36.0,dinglongguang,广东 茂名,3.0
2斤装桂味荔枝干核小肉厚特级高州特产包邮农家无添加新货,69.9,凝梦涵枫,广东 茂名,9.0
茂名高州山区老树桂味品种荔枝干新货核小香甜美味500克,38.0,农业金奖桂圆肉,广东 茂名,8.0
蜂蜜纯正天然野生农家自产土蜂蜜广东高州特产荔枝蜜无添加龙眼蜜,29.8,mm066852,广东 茂名,4.0
鸭脚木蜜 农家自产 纯天然野生土蜂蜜 另售龙眼蜜 荔枝蜜 百花蜜,60.0,乐淘城1,广东 茂名,20.0
无核荔枝肉无壳纯肉特级荔枝干桂味肉厚2021新货罐装500g高州特产,58.0,tb098181448,广东 茂名,2.0
新货高州桂味荔枝肉 去壳去核荔枝干广东特产级晒干300g包邮,48.8,那酷吧,广东 茂名,23.0
广东特产品岭南高州农家桂味荔枝干 核小肉厚500g无添加,48.8,品岭南,广东 茂名,4.0
蜂蜜新鲜龙眼蜜荔枝蜜农家自产蜂蜜纯蜂蜜桂圆蜜500g包邮,55.0,浮生若苦茶,广东 茂名,1.0
电白特产荔枝乡腊肠绿城腊味广式香肠下饭菜烧烤小吃400g礼盒包邮,73.0,yzs52019,广东 茂名,1.0
网红零食送礼桂圆干桂圆肉龙眼干龙眼肉广东高州特产新货干,68.0,鉴河生态农业,广东 茂名,1.0
2022年新货 高州桂味荔枝干核小肉厚很甜很好吃500克,48.0,czm0202,广东 茂名,4.0
12A特级荔枝干桂味核小肉厚2022新货高州生晒500g袋装包邮特产,35.8,daifei295714,广东 茂名,10.0
高州绿宝桂圆店高州桂味特级荔枝干1000克,90.0,ffuuyy2008,广东 茂名,2.0
2022年新货正宗桂味荔枝干特级小核肉厚精选10A天然生晒500g*2,49.0,鲜可妙旗舰店,广东 茂名,18.0
桂味荔枝干特级精选新货广东高州新鲜生晒干荔枝核小肉厚500g包邮,38.0,lvanhuzz,广东 茂名,2.0
3斤装高州生晒桂味荔枝干新货核小肉厚特靓级干荔枝干货特产包邮,86.0,那酷吧,广东 茂名,2.0
2斤高州桂味荔枝干核小肉厚天然新鲜农家精选干果即食泡茶2袋包邮,59.8,荔园农产品,广东 茂名,6.0
Fruit YAYA 纯度很高的荔枝园蜂蜜！荔枝蜜、龙眼蜜、百花蜜,70.0,tb9534740945,广东 茂名,2.0
广东高州特产新货桂味荔枝干壳薄肉厚零食干货送礼佳品2罐包邮,49.9,鉴河生态农业,广东 茂名,1.0
茂名高州水果之乡荔枝苗 桂味 糯米糍 白糖罂 妃子笑 带土球发货,23.0,tb767250096,广东 茂名,2.0
2022新货特级干荔枝高州桂味荔枝干小核肉厚广东荔枝肉干,59.0,tb8099599_2013,广东 茂名,8.0
2022年新品广东高州 核小肉厚荔枝干 妃子笑 500克 坐月子吃,56.0,乐淘城1,广东 茂名,4.0
高州沙田金奖马头牌（新包装）桂味荔枝干500克包邮,40.0,fengsiyy,广东 茂名,1.0
2022年新货精选10A高州桂味荔枝干核小肉厚天然生晒干3斤包邮,89.0,朝花夕拾198909,广东 茂名,3.0
新货桂味糯米糍高州农家生晒自产新鲜荔枝干核小肉厚特级500g包邮,38.8,tb461749963,广东 茂名,1.0
高州桂味荔枝干核小肉厚特级2021新货桂康荔枝肉泡茶非糯米糍,65.7,果惠盛旗舰店,广东 茂名,1.0
尚鼠桂味荔枝干高州特级新货核小肉厚新货现货荔枝肉干300g袋装,39.9,尚鼠旗舰店,广东 茂名,4.0
荔枝干 核小肉厚 小核特级桂味2 021新货 广东 另售妃子笑糯米糍,38.0,乐淘城1,广东 茂名,3.0
广东高州桂味荔枝干核小肉厚500g包邮,58.0,lvchaoliang1202,广东 茂名,3.0
荔枝【密】600g瓶装,39.8,super_light6718,广东 茂名,6.0
新高州桂味荔枝干生晒荔枝干非白糖罂荔枝糯香桂味干1000g包邮,78.0,linyabnxi168,广东 茂名,2.0
纯正荔枝蜂蜜高州农家自产自销天然桂味白糖罂糯米糍花蜜500G,49.8,戴国亮22,广东 茂名,3.0
2022年高州桂味荔枝干500g非白糖罂农家特产老树核小肉厚正品包邮,34.9,高州果皮科技,广东 茂名,1.0
2022新货核小肉厚高州桂味荔枝干精选9A天然生晒干500g优质,19.8,陈皇妃旗舰店,广东 茂名,1.0
荔枝蜜2022年新鲜农家自产食用蜂蜜中蜂蜜土蜂蜜封盖成熟原蜜500g,38.0,lvanhuzz,广东 茂名,4.0
2019高州特产荔枝干新鲜生晒核小肉厚-特级桂味荔枝干500g包邮,33.0,aabanana,广东 茂名,1.0
广东岭南特级高州桂味荔枝干2022新货核小肉厚拍一件发2斤两件5斤,75.5,tb734698927,广东 茂名,1.0
高州荔枝蜜/龙眼蜜两斤包邮下单备注哪种蜂蜜,30.0,chen20160411,广东 茂名,1.0
2021年新货核小肉厚高州糯米糍荔枝干精选9A天然生晒干500g袋,56.8,果真靓旗舰店,广东 茂名,1.0
【89元3斤】2022新货荔枝干核小肉厚特级桂味整箱3斤糯米糍干泡茶,89.0,孤狼b组_22,广东 茂名,1.0
新鲜荔枝材火广东特色烧腊明炉烤鸭/烧鸭脆皮鸭大概3斤重顺丰包邮,98.0,wucuie99,广东 茂名,0.0
【荔枝香】传统天然熏香手搓干丸 室内家用合香非蜜香丸净化空气,60.0,salesparner,广东 茂名,1.0
广东高州特产桂味荔枝干生晒核小肉厚农家特产休闲零食500g,36.0,bervie,广东 茂名,2.0
lycheerose荔枝肉无核无壳荔枝肉厚500g特级非福建干旗舰店,68.0,mm066852,广东 茂名,2.0
2022特卖2斤正宗高州老树荔枝干生晒桂味干果农人直销无添加剂,59.9,少少tqt,广东 茂名,2.0
农大纯正无添加高州荔枝蜜土蜂原产地直发原蜜瓶装蜂蜜产品新货,29.0,fengfei889,广东 茂名,1.0
荔枝乡广式腊肠 电白特产老广绿城腊味香肠煲仔饭400g礼盒装包邮,72.0,嘉嘉8026,广东 茂名,1.0
2022年新荔枝蜜白糖罂桂味纯正天然农家自产野生蜂蜜500克包邮,39.8,雨众印象,广东 茂名,2.0
桂味特级荔枝干 2020新货 核小肉厚小核1斤整箱非5斤10斤新鲜包邮,52.0,tb098181448,广东 茂名,1.0
清野农家纯高州根子桂味荔枝干果超特级肉厚核小500g包邮天然美味,86.0,陈达恒1891,广东 茂名,2.0
2021年新货高州正宗白糖罂荔枝干特产无添加肉厚特级500g新货包邮,28.8,优品汇1668,广东 茂名,1.0
广东茂名高州荔枝干2022新货特级糯米糍桂味鸡嘴无核小肉厚旗舰店,48.8,tb856628501,广东 茂名,3.0
广东高州 糯米糍荔枝干 核小肉厚 小核特级 2022新货 桂味,55.0,乐淘城1,广东 茂名,2.0
广东高州特产新货桂味荔枝干壳薄肉厚零食干货送礼佳品,29.9,鉴河生态农业,广东 茂名,1.0
广东龙眼蜜桂圆蜜(荔枝蜜 百花蜜)纯天然 农家自产 土蜂原蜜,45.0,乐淘城1,广东 茂名,4.0
新货高州桂味荔枝肉 去壳去核荔枝干广东特产级晒干300g包邮,38.8,果真靓旗舰店,广东 茂名,1.0
天然海螺贝壳荔枝螺卷贝鱼寄居蟹专用替换壳鱼缸造景装饰一斤装,14.9,灿灿泳泳,广东 茂名,0.0
新货高州荔枝干桂味核小肉厚特级农家自产非无核荔枝干500g包邮,58.0,玲玲liang520,广东 茂名,0.0
荔枝九鱼图玄关装饰画实木新中式入户迎门画竖款走廊挂画过道壁画,188.0,峻梵旗舰店,广东 茂名,2.0
高州特产桂味荔枝干核小肉厚500g特级干货非糯米糍妃子笑莆田无核,28.8,chenhai1023,广东 茂名,2.0
桂味荔枝干2021新货核小肉厚特级广东高州特产晒干泡茶一斤旗舰店,48.0,凡人都是,广东 茂名,2.0
纯正蜂蜜纯天然农家自产土蜂蜜百花蜜龙眼蜜荔枝蜜原蜜野生无添加,39.0,玲玲liang520,广东 茂名,0.0
4711葡萄柚白桃香菜荔枝薄荷红橙罗勒没药金橘小样香水套盒Q香,139.0,宅宅宅男,广东 茂名,0.0
电动机头猕猴桃黄皮荔枝龙眼花疏花打花剪花剪梢打梢打头打尖机等,58.0,qiucaisen,广东 茂名,0.0
容姐择食 一品禅荔枝酵素原液350ml粑粑久蹲不顺脸色差大肚腩适用,78.0,ivflin,广东 茂名,0.0
高州蜂蜜野生农家自产荔枝蜜无添加不掺糖1000g包邮,60.0,linyabnxi168,广东 茂名,0.0
茂名电白特产荔枝乡纯手工腊肠煲仔饭绿城腊味小吃800g礼盒装包邮,135.0,佳贝宠爱,广东 茂名,1.0
荔歌食品农家自产直销纯正成熟结晶土蜂原浆鸭脚木蜜龙眼冬蜜,68.0,ls农家精选,广东 茂名,0.0
【139元4斤】2022新货荔枝干核小肉厚特级桂味整箱4斤糯米糍泡茶,139.3,孤狼b组_22,广东 茂名,0.0
桂味荔枝干广东高州农家生晒新货特级零食核小肉厚干货特产1斤装,38.8,dgchenww,广东 茂名,0.0
荔枝蜂蜜茂名高州农家自养纯正土蜜蜂农产品天然无添加可即食500g,58.8,dgchenww,广东 茂名,0.0
新鲜荔枝 糯米糍 桂味 白糖罂 三月红 现摘现发 明年6月再来,20.0,tb767250096,广东 茂名,0.0
广东茂名特产高州马头牌桂味荔枝干果零食煲汤袋装500g,38.0,tb5113200_00,广东 茂名,2.0
VIMIPEIN【新款大气风范】品牌严选正品高档荔枝纹头层牛皮手提包,698.0,木子溪风,广东 茂名,0.0
2022年新货 农家生晒老树桂味荔枝干 荔枝肉干广东茂名 核小肉厚,36.0,农家桂圆328,广东 茂名,0.0
蜂蜜纯正天然广东高州仙人洞农家自产百花蜜冬蜜荔枝龙眼蜜,48.68,seligka,广东 茂名,0.0
广东高州白糖罂荔枝树苗高压圈枝荔枝苗妃子笑桂味苗庭院地栽,198.0,小翠翠605,广东 茂名,0.0
荔枝蜜龙眼蜜枇杷蜜百花蜜桂花蜜冬蜜 巢蜜 礼盒食品级的塑料瓶装,58.0,茂名味道,广东 茂名,0.0
新货9A大果福建莆田高州桂味荔枝干500g农家特产核小肉厚天然生晒,33.0,永香食品,广东 茂名,0.0
丰产灵内蒙古稀土丰产灵龙眼荔枝促花保果水果豆角瓜圣女果丰产,25.0,田园山水2012,广东 茂名,1.0
两斤 12A桂味荔枝干核小肉厚特级2022新货高州生晒袋装特产包邮,100.07,果冠森旗舰店,广东 茂名,0.0
2022年新货正宗桂味荔枝干特级小核肉厚精选10A天然生晒500g*2,55.0,夜物语旗舰店,广东 茂名,2.0
桂味荔枝干核小肉厚2021新货干荔枝肉高州特产干货非无核500g包邮,38.0,林秋霞27230,广东 茂名,0.0
黑皮鸡枞菌新鲜 现货现摘500克菌菇新鲜山珍菌菇鲜蘑菇食用菌,26.9,迅凌食品旗舰店,广东 茂名,0.0
正宗广东高州特产桂味新鲜果大核小肉厚天然生晒-特级干包邮,33.0,aabanana,广东 茂名,0.0
【南国·荔枝香】传统香方手工合香拟花果香线香 香道熏香,60.0,salesparner,广东 茂名,0.0
荔枝满堂红中式摆件招财镇宅石湾陶瓷公仔装饰新居礼品客厅玄关天,13770.0,timdy29,广东 茂名,0.0
2022年新货荔枝干500g核小肉厚高州特产农家特产干货零食干,58.0,mm066852,广东 茂名,0.0
果家人新鲜水果荔枝罐头248g*6罐整箱玻璃瓶装小零食,43.35,香绿园旗舰店,广东 茂名,0.0
桂味荔枝哥伦比亚天堂庄园双重厌氧处理手冲精品黑咖啡豆120/227g,118.0,黑石角,广东 茂名,0.0
广东岭南特级高州白糖罂年货荔枝干2022新货核小肉厚500g包装袋,34.0,tb734698927,广东 茂名,0.0
2022年新货荔枝干核小肉厚特级桂味荔枝干旗舰店500g正宗泡茶特产,32.0,孤狼b组_22,广东 茂名,1.0
【助农产品】品城记甄选 高州荔枝蜜 农家自产 纯天然 500ml/瓶,32.8,品城记video,广东 茂名,24.0
广东茂名特级桂味糯米糍荔枝干2022新货无核小肉厚整箱500g旗舰店,79.7,果惠盛旗舰店,广东 茂名,5.0
桂味荔枝干茂名高州农家生晒新货特级干货零食核小肉厚即食3斤装,98.0,dgchenww,广东 茂名,0.0
天然海螺贝壳荔枝螺卷贝鱼寄居蟹专用替换壳鱼缸造景装饰一斤装,14.9,tb82103814,广东 茂名,0.0
高州荔枝龙眼洋槐百花农家野生土蜂巢蜂蜜纯正天然瓶装500g包邮,35.0,永香食品,广东 茂名,7.0
高州2022新货特级干荔枝小核肉厚新鲜荔枝干旗舰店桂味果肉干,29.0,桂圆与荔枝,广东 茂名,12.0
正宗土蜂蜜纯正天然农家自产荔枝蜜龙眼蜜无添加野生原蜜500g,38.0,妙衣荟萃,广东 茂名,13.0
新货荔枝蜂蜜包邮百花蜂蜜龙眼蜂蜜糖液态原蜜纯蜜无添加,26.0,林燕剑78,广东 茂名,82.0
中蜂蜜荔枝龙眼鸭脚木天然原蜜无添加无加工农家自产新货高州杨家,39.8,yjs0813,广东 茂名,8.0
桂味荔枝干高州特产荔枝干白糖罂中华红荔枝干核小肉厚,28.0,高州特产总经销,广东 茂名,0.0
茂名味道原生态蜂蜜荔枝蜜龙眼蜜百花蜜枇杷蜜桂花蜜鸭脚木蜜,29.8,茂名味道,广东 茂名,1.0
蜂蜜纯正天然野生农家自产正宗无添加孕妇荔枝龙眼百花土蜂蜜峰蜜,35.0,daiyadao,广东 茂名,1.0
老店生晒无硫新品可食用高州干荔枝龙眼桂圆外壳核粉系列包邮,25.0,manager2000,广东 茂名,3.0
荔枝蜜农家自产原产地蜂场直发龙眼鸭脚木天然原蜜广东高州杨家,19.8,yjs0813,广东 茂名,68.0
【诗人花园】粉之妍 切花月季，根接苗，大花 浓香 水粉色 香,12.99,爱花的诗人,广东 茂名,15.0
新荔枝蜜张杰锋山野五倍子蜜乌桕蜜百花蜜冬蜜中蜂封盖不喂糖包邮,39.0,天诚公益,广东 茂名,1.0
荔枝兰 洪都拉斯白兰地酒桶发酵酒香烘焙手冲精品咖啡豆120/227g,58.0,黑石角,广东 茂名,4.0
金广兴广东高州桂味荔枝干2022年新货核小肉厚甜而不腻500g9A果,28.0,tb4514836814,广东 茂名,1.0
深山蜂蜜纯天然正宗百花蜜土蜂蜜龙眼蜜荔枝蜜 农 家自产自销包邮,37.9,认公小店,广东 茂名,3.0
老爸放养的蜜蜂酿造的荔枝蜜 老顾客喜欢就拍,39.88,小q12266,广东 茂名,2.0
成熟荔枝蜜野生土蜂农家花蜜自产荔枝蜜无添加500g包邮高州蜂蜜,35.0,linyabnxi168,广东 茂名,1.0
蜂蜜纯正天然农家蜜自产正宗野土蜂蜜采野生花源荔枝蜜龙眼蜜包邮,39.0,猪猪侠1119,广东 茂名,0.0
新鲜无农药荔枝树叶 电白荔枝叶 中药材500克包邮,16.8,wang王水梅,广东 茂名,0.0
【助农产品】高州荔枝蜜龙眼蜜百花枇杷蜜农家自产纯天然500g/瓶,31.8,yddking,广东 茂名,1.0
桂味荔枝高压苗,18.0,shandianmilang,广东 茂名,0.0
沙糖橘沃柑桔橙柚柿子荔枝环割剥刀果树控梢促花丰产保果工具神器,17.0,tb_5617052,广东 茂名,14.0
新荔枝蜂蜜1000g包邮2斤1瓶蜂蜜糖液态蜜无添加,26.0,林燕剑78,广东 茂名,25.0
环割剥刀果树木荔枝蜜柚沙糖桔苹果柑橘葡萄断水控梢切皮工具神器,1.0,tb_5617052,广东 茂名,20.0
环割刀果树环剥刀葡萄荔枝树枣树龙眼蜜柚扒皮环剥器园艺工具剪刀,18.0,qiucaisen,广东 茂名,2.0
环割刀扒皮荔枝果树环剥刀葡萄柑橘桔龙眼树蜜柚环剥器剥树皮园艺,18.0,qiucaisen,广东 茂名,8.0
高州纯正天然野生农家自产荔枝龙眼蜜土蜂蜜液态蜜冬蜜原蜜无添加,29.0,性感妖娆小天使,广东 茂名,5.0
特价仿真龙眼假杨梅串束桂圆荔枝水果蔬菜樱桃车里子模型道具,10.0,桐桐1688工艺品,广东 茂名,1.0
生晒无硫高州荔枝皮荔枝壳粗细粉月子料500g满2件包邮可内外用,9.9,manager2000,广东 茂名,1.0
仿真水果模型假蔬菜塑料荔枝龙眼橱柜样板装饰摆设幼儿玩具教道具,12.0,桐桐1688工艺品,广东 茂名,1.0
洪都拉斯荔枝兰净香处理精品手冲美式咖啡豆浅烘焙荔枝白兰地风味,9.0,淘其所好,广东 茂名,2.0
蜂蜜纯正天然野生小包装500g纯农家自产土蜂蜜深山挤压瓶龙眼,28.0,tb6426670351,广东 茂名,0.0
家庭食用菌菌种鸡枞菌种三塔包蘑菇菌菇包种植菌棒菌原种植包,12.38,雅樊旗舰店,广东 茂名,0.0
花岗岩石材大理石地砖户外黑芝麻白黑色路沿石牙黄金麻火烧板,10.0,tb155540687,广东 茂名,6.0
新鲜荔枝叶荔枝树叶500克,6.0,古楼饼铺,广东 茂名,0.0
荔枝蜜 泡春砂仁 白术 中蜂蜜,89.0,小靖甜心,广东 茂名,0.0
新鲜高州荔枝花粉500g克农家天然活性蜜蜂花粉品质纯正未破壁包邮,68.0,greentea0322,广东 茂名,0.0
热销蜂蜜纯正天然广东省茂名市高州市新鲜龙眼蜂蜜，蜂蜜包邮,75.0,喜露丝,广东 茂名,0.0
【壹家果农_槐扁枝250g袋】槐扁特级糯米滋荔枝干零食果干干,13.8,jim_lu88,广东 茂名,0.0
2019年高浓度土蜂蜜 农家自产荔枝蜜 龙眼蜜 百花蜜 成熟原蜜,88.0,charliehd,广东 茂名,0.0
正宗茂名 农村荔枝蜂蜜 纯天然 原生态蜂蜜 适合所有人群,48.0,q50022351,广东 茂名,0.0
荔枝干广东高州特产干荔枝500g/袋精选桂味品种带壳核小肉厚,68.0,吴忧vs吴宇泽,广东 茂名,0.0
荔枝蜜纯正天然无添加当季现采蜂蜜农家自产特产土蜂蜜原生态食品,60.0,dinglongguang,广东 茂名,0.0
2022新货广东高州 老树10A 糯米糍鸡嘴荔枝干 核小肉厚 500克,58.2,参红方旗舰店,广东 茂名,0.0
【神州农源】纯正天然原生态蜂蜜农家自产无添加荔枝蜜春蜜,65.0,诚商永信,广东 茂名,0.0
高州根子特产桂味荔枝干2022新货10a大果核小肉厚香甜无添加,39.0,tb323409901681,广东 茂名,1.0
蜂蜜纯正天然结晶农家自产荔枝蜜洋槐百花蜜自家养土蜂蜜原蜜包邮,36.8,haih11,广东 茂名,0.0
高州水果之乡荔枝苗 桂味 糯米糍 妃子笑 白糖罂盆裁地裁苗带土球,23.0,怡兴水果,广东 茂名,0.0
斜口环割剥刀果树木荔枝控梢放水工具神器,17.0,tb_5617052,广东 茂名,20.0
荔枝蜂蜜500g包邮自产 蜜糖原蜜液态蜜,18.0,林燕剑78,广东 茂名,1.0
荔枝干500g克包邮高州特产农家白蜡荔枝干荔枝干,21.8,林燕剑78,广东 茂名,3.0
老农民（环割刀）/果树环剥刀/葡萄荔枝枣树桃树，等环割刀片。,6.9,qiucaisen,广东 茂名,0.0
零0号果树木环割刀荔枝甘橘沙糖桔红橙保果工具,17.0,tb_5617052,广东 茂名,10.0
仿真水果模型假龙眼桂圆荔枝果蔬摆件超市橱窗装饰品摆设拍摄道具,10.0,桐桐1688工艺品,广东 茂名,0.0
埃塞俄比亚花妖精品手冲美式咖啡豆浅中烘焙茉莉花甜橙荔枝风味,10.0,淘其所好,广东 茂名,0.0
粉哈娜/粉荔枝 新品切花月季大花浓香盆栽阳台庭院地栽 根接苗,21.49,sharer535813193,广东 茂名,0.0
荔枝蜜,95.0,tb3341648706,广东 茂名,0.0
.电镐花锤头一金式凿p毛锤打毛头桥凝土石材高架混面合体电锤,16.05,启优商贸店,广东 茂名,0.0
烧烤炭荔枝果木炭烧烤木炭无烟取暖炭耐烧易燃家用木炭一箱烧烤碳,12.46,金飞盛优品,广东 茂名,0.0
新鲜荔枝 糯米糍 桂味 妃子笑 白糖罂 现摘现发 明年6月份再来,89.0,怡兴水果,广东 茂名,0.0
厂家直销芝麻白灰黑火烧板花岗岩地砖荔枝面路沿石黄金麻地铺石材,85.0,小姐姐五金批发,广东 茂名,0.0
荔枝圈枝桂味 糯米糍 白糖罂各种高压苗赔付苗 保持原有品种包邮,28.0,怡兴水果,广东 茂名,0.0
花岗岩芝麻灰火烧板芝麻黑广场地砖芝麻白路沿石黄锈石面石材,62.5,小姐姐五金批发,广东 茂名,0.0
广东食用农产品高州特产 荔枝干 500克桂味荔枝干,38.0,yuqing1388_2008,广东 茂名,0.0
新鲜荔枝 现摘现发 桂味 糯米糍 白糖罂 三月红 5斤顺丰冷链包邮,20.0,tb02421694,广东 茂名,0.0
环割刀果树环剥刀荔枝蜜柚柑桔环枝剪刀园艺修枝苹果扒树皮环剥器,36.0,卷醉百货,广东 茂名,0.0
高州桂圆肉干荔枝干土蜂蜜礼盒礼袋专拍,2.0,少少tqt,广东 茂名,0.0
新货高州桂味荔枝干果糯米糍核小肉厚超特级大果500g袋装现货包邮,42.8,依恋5464,广东 茂名,0.0
大容量多层手饰品首饰盒耳钉耳环项链耳饰品展示架戒指收纳盒,77.0,湟妮彩商贸三部,广东 茂名,0.0
新货老树荔枝干1000克肉厚小核正宗高州鸭绿桂味干农家产带壳生晒,35.8,少少tqt,广东 茂名,0.0
高州纯正天然野生农家自产荔枝龙眼蜜土蜂蜜液态蜜冬蜜原蜜无添加,29.0,日之夜娃娃,广东 茂名,0.0
新货糯米糍荔枝干核小肉厚广东高州精选12A天然生晒非桂味干,87.03,夏吉旗舰店,广东 茂名,0.0
白糖罂特级荔枝干 肉厚清甜大果整箱1斤5斤10斤新鲜包邮 2020新货,45.0,tb098181448,广东 茂名,0.0
广东农家自产土蜂蜜中蜂百花蜜糖荔枝纯正天然野生正宗无添加食品,68.0,allen·十三,广东 茂名,0.0
蜂蜜纯正天然农家自产真深山野生正宗500g成熟荔枝龙眼百花土蜂蜜,58.8,依恋5464,广东 茂名,0.0
2022新货特级干荔枝小核肉厚荔枝干荔枝肉干泡茶广东高州干,49.8,tb8099599_2013,广东 茂名,6.0
荔枝蜜龙眼蜜百花蜜淘九九果园纯正天然自产蜂蜜,68.0,fk19930203,广东 茂名,0.0
果木炭100斤果木炭原木无烟易燃速燃家用耐烧炭取暖高温果木,29.98,飞狼0128,广东 茂名,0.0
电锤电镐一体式合金凿毛头花锤打荔枝面混凝土桥路墙面砸花锤凿毛,65.25,示书雁百货店,广东 茂名,0.0
定制荔枝纹防水科技绒布餐椅套沙发套罩笠凳套坐窗台垫卡座沙发套,39.0,tb5124929055,广东 茂名,0.0
一年一度的优质成熟土蜂蜜（荔枝花蜜），农家土蜂蜜。,45.0,tb57909400,广东 茂名,0.0
新品凿毛锤子手工合金凿麻锤硬质合金齿锤石板材荔枝面混凝土凿毛,32.0,恒强企业店,广东 茂名,0.0
瓶装蜂蜜纯正天然土蜂蜜农家自产正宗无添加龙眼荔枝桉树儿童适用,60.0,tb5741620544,广东 茂名,0.0
桂味荔枝干 高州荔枝干,24.98,我的田你的甜,广东 茂名,0.0
环刀果树环剥刀环荔枝蜜柚柑桔环枝剪刀园艺枝苹果扒割树皮剥修器,27.0,tb6635567497,广东 茂名,0.0
纯正蜂蜜天然野生农家产荔枝龙眼百花土蜜儿童孕妇正宗不添加食品,48.0,tb788169218658,广东 茂名,0.0
广东茂名高州蜂蜜食用农产品 百花蜜荔枝蜜龙眼蜜糖热销500g包邮,58.0,qq37214728,广东 茂名,0.0
花岗岩大理石材芝麻白灰黑火烧板地铺砖黄锈石荔枝面路沿石麻石板,10.0,tb077432703,广东 茂名,6.0
两斤 12A桂味荔枝干核小肉厚特级2022新货高州生晒袋装特产包邮,128.7,金悦商铺,广东 茂名,0.0
火烧板石材黄锈石黄金麻花岗岩地砖荔枝面光面天然大理石外墙干挂,10.0,tb4207897813,广东 茂名,0.0
中蜂蜜土蜂蜜荔枝蜜净重1000克瓶装、农产品、食用,70.0,mikeq138,广东 茂名,1.0
高州桂味荔枝干500g包邮干货部分核小肉厚荔枝,26.0,林燕剑78,广东 茂名,1.0
埃塞俄比亚碧罗雅净香处理精品手冲意式咖啡豆柑橘荔枝红酒风味,6.0,淘其所好,广东 茂名,0.0
2022年特卖干荔枝糯米糍干果正宗高州老树荔枝干厚肉农家直销2斤,80.0,少少tqt,广东 茂名,0.0
广东茂名特产荔枝干特级桂味荔枝干肉厚核小新货500g袋装精选高州,45.0,开始豪大大,广东 茂名,0.0
荔枝玫瑰酱柠檬百香果蜂蜜柚子茶水果茶冲饮泡水喝的果味蜂蜜茶,28.9,tb8450720661,广东 茂名,0.0
正品食用桂味荔枝干广东高州特产核小肉厚农家生晒干500g包邮,35.0,tb39444091,广东 茂名,1.0
荔枝秤香山电子称计价台秤30kg6kg包邮长拓电子秤广衡电子秤,280.0,我是fyc,广东 茂名,0.0
特级荔枝干桂味新货新鲜核小肉厚非无核高州特产干货,39.0,wqt20141985,广东 茂名,0.0
蛤蟆草干的菜荔枝草整棵癞蛤蟆草中药新鲜晒干中药蛤蟆草500g包邮,15.8,圣百灵药业,广东 茂名,0.0
荔枝干桂味荔枝干特级干荔枝荔枝干核小肉厚新货荔枝干500克包邮,38.0,90后钓鱼者,广东 茂名,1.0
新鲜糖水荔枝罐头果肉新鲜整箱学生最爱即食休闲零食看剧食品,16.14,tb8450720661,广东 茂名,0.0
广东高州 鸡嘴荔枝干 半 小核肉厚 糯米荔枝 非无核 2021新货,53.0,乐淘城1,广东 茂名,0.0
电动凿毛机手持式混凝土打磨石材荔枝面三头合金磨盘磨轮电动工具,272.0,军凯的店3,广东 茂名,0.0
10年老店不刷单2022新货高州特产香甜桂味荔枝干即食500克包邮,39.9,宠辱不惊1,广东 茂名,0.0
包邮1500g广东特产高州马头牌桂味荔枝干肉厚味美500g*3包拍下158,148.0,peng01you,广东 茂名,0.0
二手（正版）荔枝栽培新技术 福建科学技术出版社 1998年,15.8,雪中云豹,广东 茂名,0.0
烧烤碳户外烧烤木炭荔枝果木炭块家用取暖炭火锅炭包邮毛重10斤装,54.0,郝工厂0001,广东 茂名,0.0
桂味荔枝干大果量产广东高州2022新货精选送礼特产肉厚500g无添加,39.99,良心果业,广东 茂名,0.0
高州荔枝苗 桂味 糯米糍 妃子笑 白糖罂 盘栽地栽苗 带土球发货,39.0,tb02421694,广东 茂名,0.0
信宜高山野山蜜蜂深山原蜂蜜野山花蜜百花蜜蜂荔枝蜜龙眼蜜野蜂蜜,125.9,csm513,广东 茂名,0.0
荔枝果木炭高温炭易燃耐烧原木木炭家用烤火取暖木炭无烟烧烤木炭,16.0,tb320302931,广东 茂名,0.0
蜂蜜深山野生农家散养龙眼蜜荔枝蜜百花蜜纯净蜂蜜冬蜜现发原蜂蜜,125.8,tb8944261196,广东 茂名,0.0
新鲜荔枝 糯米糍 桂味 白糖罂 妃子笑 现摘现发 明年6月再来,20.0,怡兴水果,广东 茂名,0.0
新鲜无农药荔枝树叶 电白荔枝叶 中药材500克包邮,13.8,垭田村,广东 茂名,0.0
蜂蜜农产品无添加荔枝蜜龙眼蜜500g密封瓶装2022新货泡茶水精选,38.88,良心果业,广东 茂名,0.0
2022包邮热卖500克荔枝干果新货广东高州特产马头牌桂味肉厚味美,58.0,peng01you,广东 茂名,0.0
高州特产桂味荔枝干正宗农产品核小肉厚零食一斤包邮新鲜生晒优质,31.8,许清让,广东 茂名,1.0
新鲜荔枝 糯米糍 桂味 白糖罂 妃子笑 现摘现发 明年6月见,88.0,怡生水果,广东 茂名,0.0
新货桂味荔枝干 高州特产干荔枝肉核小肉厚荔枝干零食干果500g袋,28.93,晶欢铺子旗舰店,广东 茂名,0.0
新货桂味荔枝干 高州特产干荔枝肉核小肉厚荔枝干零食干果500g袋,28.93,冠鲜悠旗舰店,广东 茂名,0.0
高州特产新鲜生晒桂味荔枝干特级核小肉厚甜袋装新货500g包邮,48.0,ba115,广东 茂名,0.0
2022新品推荐鲜年货桂味荔枝干核小厚袋装1斤干果干货肉零食,41.3,畅想未来我回家,广东 茂名,0.0
2斤装蜂蜜纯正天然茂名根子本土荔枝蜜,58.0,135166沉默的雪,广东 茂名,0.0
茂名高州特产白糖罂荔枝干400g带壳荔枝干果袋装特级大果礼袋新货,49.0,tb483807179,广东 茂名,0.0
2022年新货桂味荔枝干核小肉厚特级高州特产4斤新鲜包邮袋装现货,128.0,雨众印象,广东 茂名,300.0
2022新货高州干荔枝核小肉厚高州特产干货糯米糍特级500g干,58.0,mm066852,广东 茂名,100.0
广东茂名特级糯米糍桂味荔枝干2022新货鲜核小肉厚整箱500g旗舰店,99.9,tb5152815975,广东 茂名,0.0
高州老树桂味新鲜荔枝甜现摘现5 斤爆多汁礼发盒当季鲜果顺丰空运,93.1,香卉日用百货,广东 茂名,0.0
现货荔枝 新鲜现摘茂名高州爆甜白糖罂荔枝5斤顺丰应当季水果,279.8,大福精品商店,广东 茂名,0.0
海南妃子笑荔枝海口妃子笑甜新鲜肉厚多汁籽小现采摘,138.36,吃货的爱32,广东 茂名,0.0
5斤广东新鲜荔枝现摘现发高州荔枝包邮,398.9,冯显情12,广东 茂名,0.0
老树现摘现发白糖罂荔枝6斤新鲜妃桂子笑味时令水果整箱当季顺丰5,49.78,tb950361484779,广东 茂名,0.0
冰冻海南妃子笑荔枝新鲜水果当季时令孕妇水果包邮,129.9,tb4461978148,广东 茂名,0.0
2022新鲜爆甜广东高州妃子笑荔枝现摘现发2/4/6斤孕妇水果包邮,2888.0,纳墩商贸,广东 茂名,0.0
广西新鲜超大荔枝王水果鸡嘴荔非妃子笑糯米糍现货10斤顺丰,179.4,鑫泰诚信店,广东 茂名,0.0
仙进奉荔枝新鲜现摘现发茂名高州百年农家老树进贡水果进5斤顺丰,188.0,你在听吗杰,广东 茂名,0.0
荔枝新鲜水果黑叶白糖罂妃子笑桂味糯米糍冰冻孕妇水果,129.9,鲜果百汇果园,广东 茂名,0.0
荔枝冰冻水果大果甘甜5斤现货现摘妃子笑白糖罂 桂味孕妇水果包邮,153.6,浪漫蔬果百货店,广东 茂名,0.0
冰冻荔枝新鲜高州热带白糖罂当季乌叶水果妃子笑现摘海南桂味,79.0,八宝福诚信店,广东 茂名,0.0
广东桂味荔枝新鲜现摘5斤应季水果孕妇茂名顺丰现发白糖王婴3,65.8,tb473946605,广东 茂名,0.0
高州深山老树当季现摘现发桂味鲜爆甜新鲜大水果荔枝顺丰空运包邮,170.0,永华诚信企业店,广东 茂名,0.0
广东茂名高州妃子笑荔枝应季新鲜孕妇水果包邮5 10斤整箱现摘现发,148.0,瑞优诚信企业店,广东 茂名,0.0
桂味荔枝新鲜10斤现摘现发广东茂名高州笑妃子当季水果包邮糍糯米,213.0,tb0264799892,广东 茂名,0.0
荔枝 新鲜水果 桂味,50.0,大型发凉果店,广东 茂名,0.0
荔枝新鲜仙进奉现摘发当季水果广东茂名高州农家老树顺丰包邮5斤,461.1,美丽诚信企业店,广东 茂名,0.0
广东桂味荔枝新鲜现摘5斤应季水果孕妇茂名顺丰现发白糖王婴3,173.0,清茗正品优选,广东 茂名,0.0
福建冷冻荔枝10斤新鲜当季黑叶冰冻现发荔枝孕妇特产水果整箱包邮,112.0,瑞德诚信企业店,广东 茂名,0.0
顺丰桂味荔枝新鲜5斤现摘现发当季水果整箱广东茂名挂增城高州绿,158.4,万宏发诚信店,广东 茂名,0.0
0WXP22新鲜斤爆2甜妇广东高州妃子笑荔枝现摘现发1-5孕水果包邮直,68.6,tb875092354494,广东 茂名,0.0
顺丰空运新鲜大荔枝当季水果现摘现发5斤,125.0,艳丽企业店888,广东 茂名,0.0
新鲜荔枝现摘现发三月红荔枝当季孕妇时令水果纯甜无酸新鲜,78.0,花酒水果,广东 茂名,0.0
荔枝新鲜现摘现发白糖婴罂5斤妃子笑水果应当季整箱冷链,143.0,鑫琦诚信企业店,广东 茂名,0.0
【现摘现货桂味】新鲜茂名高州水果5斤顺丰笑桂味,79.8,月月诚信企业店,广东 茂名,0.0
广东桂味荔枝冰冻5斤应季水果孕妇茂名顺丰现发白糖王婴3,143.0,tb4581565716,广东 茂名,0.0
【下单秒发】2022鲜荔枝白糖罂6斤妃当子笑桂季味黑新叶鲜水果4,40.78,杜鹃精品水果,广东 茂名,0.0
老树桂味白糖新鲜罂糯米荔枝糍当季水果5斤10斤礼盒顺丰空运包邮,188.0,咩咩咩诚信店,广东 茂名,0.0
荔枝现摘现发妃子笑茂名高州果园树上熟,98.0,tb3494352754,广东 茂名,0.0
海南妃子笑荔枝5斤早熟现货新鲜水果当季整箱现摘荔枝桂糯味米糍,67.8,月月诚信企业店,广东 茂名,0.0
顺丰空运新鲜大荔枝当季水果现摘现发5斤,125.0,绵连诚信企业店,广东 茂名,0.0
荔枝新鲜 现摘茂名高州糯米糍荔枝核小肉厚5斤顺丰应当季水果,237.8,月月诚信企业店,广东 茂名,0.0
正宗广东茂名高州白糖罂老树荔枝新鲜现摘发应当季水果王顺丰包邮,128.0,箭享鲜果,广东 茂名,0.0
6斤整箱老树荔枝白糖罂新鲜高州水果现摘现发顺丰,93.88,tb9347723620,广东 茂名,0.0
顺丰空运新鲜大荔枝当季水果现摘现发5斤,125.0,信源诚信企业店,广东 茂名,0.0
广东茂名新鲜包邮三月红荔枝孕妇酸甜应季水果当现货现摘整箱 5斤,106.8,tb858447512,广东 茂名,0.0
广东茂名高州妃子笑荔枝应季新鲜孕妇水果包邮5 10斤整箱现摘现发,140.8,图图诚信企业店,广东 茂名,0.0
2022白糖罂新鲜荔枝广东茂名高州白糖罂新鲜纯甜当季水果纯甜,105.0,王子茶坊,广东 茂名,0.0
5斤荔枝 新鲜水果茂名高州白糖罂 当季整箱南山香王桂花顺丰3,688.8,大福精品商店,广东 茂名,0.0
茂名荔枝新鲜水果广东冰糖罂核小纯甜5斤,398.0,qiuchang88,广东 茂名,0.0
广东茂名桂味荔枝新鲜采摘冷冻发货孕妇顺丰水果当季整箱10斤大果,75.0,浩海诚信企业店,广东 茂名,0.0
现摘荔枝 新鲜现发茂名高州爆甜白糖罂荔枝5斤桂妃味水果顺丰包邮,88.0,羞花2021,广东 茂名,0.0
海南早熟桂花荔枝新鲜5斤妃子笑农家现摘现发孕妇水果顺丰整,188.9,家柠正品优选,广东 茂名,0.0
广东茂名桂味荔枝新鲜采摘冷冻孕妇顺丰水果当季整箱10斤大果,128.86,顺利数据,广东 茂名,0.0
寻鱻老树桂味荔枝5斤8斤顺丰空运包邮,999.0,一meng一,广东 茂名,0.0
【2022现摘现发】新鲜妃子笑荔枝 果大肉厚清甜多汁冷链包邮,159.8,alj854750,广东 茂名,0.0
福建老树荔枝新鲜包邮6斤整箱现摘现发当季孕妇水果糯米王糍无核5,66.8,福运来水果小店,广东 茂名,0.0
新鲜海南荔枝妃子笑时令应季生鲜果园新鲜现摘现发,46.0,tb875026922009,广东 茂名,0.0
现货荔枝 新鲜现摘茂名高州爆甜白糖罂荔枝5斤桂妃味水果顺丰包邮,148.0,凯凯水果店1,广东 茂名,0.0
荔枝广东省内包邮,368.0,tb0687844_00,广东 茂名,0.0
自家果园现摘现发荔枝,368.0,tb0687844_00,广东 茂名,0.0
贡园老树白糖罂荔枝 5斤装 25号开始发货,999.0,全额支付,广东 茂名,0.0
新品热卖仿真桔子串圣女果荔枝串桂圆樱桃杨梅砂糖桔模型道具摆件,3.8,桐桐1688工艺品,广东 茂名,0.0
两斤 12A桂味荔枝干核小肉厚特级2021新货高州生晒袋装特产包邮,98.1,果惠盛旗舰店,广东 茂名,0.0
桂味荔枝干 高州2021新货小核肉厚1斤袋装荔枝干果干货肉零食,39.0,敏子天天,广东 茂名,0.0
荔枝干,77.0,宝荔农业,广东 茂名,0.0
蜂蜜纯正天然野生小包装500g纯农家自产土蜂蜜深山挤压瓶龙眼,45.0,tb098181448,广东 茂名,0.0
2022春蜜南方蜂蜜农产品荔枝龙眼花蜜蜂混采无添加纯天然蜜,35.0,mmgyq256,广东 茂名,0.0
蜂蜜农家自产土蜂蜜荔枝蜜龙眼蜜百花蜜自养野生1斤装冬天结晶蜜,59.8,利源烟酒行,广东 茂名,0.0
仿真水果假蔬菜 橱柜装饰摄影道具 食品模型 仿真番荔枝 轻款,1.9,桐桐1688工艺品,广东 茂名,0.0
仿真水果蔬菜仿真花 90号仿真荔枝 释迦 番荔枝,3.5,桐桐1688工艺品,广东 茂名,0.0
仿真水果 蔬菜 假水果 模型道具 摄影用品仿真反荔枝凤梨释迦包邮,2.2,桐桐1688工艺品,广东 茂名,0.0
仿真水果模型假塑料荔枝龙眼黄皮桂圆软装饰道玩具水果店摆设样品,10.0,桐桐1688工艺品,广东 茂名,0.0
高州桂味荔枝干高州荔枝干根子荔枝干无硫非福建广西荔枝干500克,42.0,高州水果药材,广东 茂名,0.0
【荔枝妞】 老姜黑糖 古法手工 甘蔗压榨 月子糖 500克,20.0,爱上流云淡淡,广东 茂名,0.0
新鲜龙眼蜜 纯正蜂蜜 天然无添加龙眼花蜂蜜荔枝龙眼蜂蜜 500克,58.0,高州特产总经销,广东 茂名,0.0
二手（正版种植书）柑橘 荔枝 香蕉 菠萝优质丰产栽培法 1991年,15.8,雪中云豹,广东 茂名,0.0
二手（正版原书）荔枝、龙眼病虫害防治图谱 1997年 全彩页,15.8,雪中云豹,广东 茂名,0.0
二手（正版原书）荔枝贮藏保鲜及加工新技术,35.0,雪中云豹,广东 茂名,0.0
（正版原书）荔枝丰产栽培 广东科技出版社 1995年 纸质发黄,25.0,雪中云豹,广东 茂名,0.0
（正版旧书）龙眼荔枝施肥技术 金盾出版社 李少泉 傅其五 著,15.8,雪中云豹,广东 茂名,0.0
二手（正版现货）荔枝、龙眼病虫害防治图谱 1997年 全彩页 包邮,19.8,雪中云豹,广东 茂名,0.0
二手（正版原书）荔枝贮运保鲜技术 何龙飞 等编,25.0,雪中云豹,广东 茂名,0.0
二手（正版原书）龙眼荔枝施肥技术 金盾出版社 1998年,15.8,雪中云豹,广东 茂名,0.0
二手（正版）龙眼荔枝病虫害诊治图谱 福建科学技术出版 全彩页,25.0,雪中云豹,广东 茂名,0.0
（正版原书）番荔枝 芒果 黄皮 台湾青枣栽培 广东科技出版社,25.0,雪中云豹,广东 茂名,0.0
（原版旧书） 荔枝丰产栽培 【农村文化丛书】 黄东光,25.0,雪中云豹,广东 茂名,0.0
二手（正版原书）荔枝龙眼园常用农药 广东科技出版社,25.0,雪中云豹,广东 茂名,0.0
二手（正版原书）迟熟荔枝高效优质栽培 侯学瑛 主编,15.8,雪中云豹,广东 茂名,0.0
二手（正版原书）荔枝高产技术问答（修订版） 广东科技出版社,25.0,雪中云豹,广东 茂名,0.0
岭南纳翠林蜂蜜纯天然原生态无添加农家自产荔枝蜜1000g包邮,96.0,tb701776776,广东 茂名,0.0
荔枝,200.0,李志文199251,广东 茂名,0.0
荔枝花束diy材料创意车厘子草莓水果花材料包全套包装纸高级感女,47.63,英慧精品c店a,广东 茂名,0.0
广绣粤绣 广府文化 广州特色 纯手工刺绣摆件 红荔枝,868.3,军凯的店3,广东 茂名,0.0
大号果树环割刀环剥刀环枝剪荔枝葡萄蜜柚果树剥皮环剥刀枣树大树,34.14,付票商贸城,广东 茂名,0.0
蜜蜂荔枝蜜龙眼蜜500g,38.0,tb381399727,广东 茂名,0.0
广东大目释迦果5斤新鲜水果当季整箱佛头林檎番荔枝热带凤梨3,143.88,tb8149150521,广东 茂名,0.0
广东大目释迦果5斤新鲜水果当季整箱佛头林檎番荔枝热带凤梨3,143.88,tb5757220887,广东 茂名,0.0
广东大目释迦果5斤新鲜水果当季整箱佛头林檎番荔枝热带凤梨3,143.88,港娟诺,广东 茂名,0.0
鸡枞菌种高产包伞把菇菌种荔枝菌三塔菌斗鸡公菌包 人工种植,12.38,雅樊旗舰店,广东 茂名,0.0
鸡枞菌种高产食用菌人工种植伞把菇荔枝菌斗鸡公三塔菌鸡枞菌包种,8.71,雅樊旗舰店,广东 茂名,0.0
鸡枞菌种高产种子伞把菇三塔菌荔枝菌云南贵州食用菌种包人工种植,7.82,雅樊旗舰店,广东 茂名,0.0
石湾陶瓷荔枝摆件客厅玄关酒柜办公室工艺品装饰开业乔迁新居礼品,1576.0,timdy29,广东 茂名,0.0
手工荔枝摆件热卖桌面屏风玄关摆设石湾陶瓷高端家居装饰摆件天然,470.0,timdy29,广东 茂名,0.0
石湾荔枝陶瓷摆件公仔客厅创意饰品餐边柜玄关新中式高端大气开业,3520.0,timdy29,广东 茂名,0.0
石湾荔枝陶瓷摆件公仔客厅创意饰品餐边柜玄关新中式大气开业天然,1189.0,timdy29,广东 茂名,0.0
喜获大利水浪如意荔枝茶宠摆件精品可养茶玩茶道茶具配件石湾陶瓷,520.0,timdy29,广东 茂名,0.0
荔枝满堂红水果摆件石湾陶瓷公仔手工年货中式客厅会所家居装饰品,5720.0,timdy29,广东 茂名,0.0
合金花锤 电镐花锤头电锤凿毛头荔枝墙面凿毛锤 混凝土桥梁高架桥,24.6,纯净水魔方1,广东 茂名,0.0
电锤电镐一体式合金凿毛头花锤打荔枝面混凝土桥路墙面砸花锤凿毛,65.25,昊芬百货网店,广东 茂名,0.0
摘水果高枝剪伸缩高空剪摘果剪采果荔枝槐花剪树枝剪刀摘果神器,76.02,军凯的店3,广东 茂名,0.0
天然白玛瑙手链女冰种玉髓单圈手串男荔枝冻散珠白色串珠水晶珠子,31.7,军凯的店3,广东 茂名,0.0
大理石地砖户外黑芝麻白黑路沿石牙黄金麻荔枝面火烧板花岗岩石材,10.0,tb219308740,广东 茂名,0.0
防滑青石荔枝面凿道面庭院铺路老石板年代仿古砖錾道面青石板地砖,22.8,军凯的店3,广东 茂名,0.0
花岗岩大理石材芝麻白灰黑火烧板地铺砖黄锈石荔枝面路沿石麻石板,10.0,tb219308740,广东 茂名,0.0
花岗岩芝麻灰黑荔枝光面黄金麻庭院地砖路沿大理石材火烧板芝麻白,10.0,tb4207897813,广东 茂名,0.0
荔枝干高州桂味荔枝干 皮薄肉厚核小产自荔枝之乡的500g,38.0,茂名味道,广东 茂名,0.0
新货高州特产桂味荔枝干500g特级糯米荔枝肉厚香甜无熏硫干货包邮,32.0,x班头,广东 茂名,0.0
2斤高州桂味荔枝干核小肉厚天然新鲜农家精选干果即食泡茶2袋包邮,90.4,果惠盛旗舰店,广东 茂名,0.0
2021年新货桂味荔枝干核小肉厚特级高州特产500g新鲜袋装现货,68.0,尚武诚信店,广东 茂名,0.0
荔枝干2022新货核小肉厚特级高州生晒500g袋装包邮桂味干,39.8,daiyadao,广东 茂名,0.0
两斤 12A桂味荔枝干核小肉厚特级2022新货高州生晒袋装特产包邮,110.08,芯柒依旗舰店,广东 茂名,0.0
荔枝果肉干肉厚新货泡茶新鲜正宗生晒干的礼袋清甜美味健康高州,53.9,健康生活食品店,广东 茂名,0.0
荔枝干 核小肉厚 2021年新货 广东高州特产 鸡嘴荔 干,49.9,lyc74009221730,广东 茂名,0.0
英伦尖头小短靴真皮荔枝纹牛皮高帮鞋男时尚韩版一脚蹬切尔西男靴,677.84,军凯的店3,广东 茂名,0.0
二手（正版原书）龙眼荔枝施肥技术 金盾出版社,15.8,雪中云豹,广东 茂名,0.0
二手（正版原书）荔枝龙眼杧果沙田柚控梢促花保果综合调控技术,68.0,雪中云豹,广东 茂名,0.0
二手（正版）荔枝龙眼栽培实用技术 陈洪才 编著,15.8,雪中云豹,广东 茂名,0.0
"老奖券彩票收藏 ""南粤风采""电脑福利彩票 高州根子镇浩瀚荔枝林",1.0,无明1980,广东 茂名,0.0
枣红荔枝纹手腕带配件包带提手手拿包手挽带手包拎V带手提小包带,82.0,噶破百货店,广东 茂名,0.0
深山农家放养自产纯天然龙眼蜜荔枝蜜土蜂蜜纯正无添加正宗靓蜂蜜,88.0,美味果园企业店,广东 茂名,0.0
茂名蜂蜜纯正天然农家自产正宗冬蜜结晶百花蜜蜂糖浆1斤蜜,58.0,兴活家居企业店,广东 茂名,0.0
火龙果袋番石榴荔枝白色纸袋种植杨桃果子套袋神器葡萄柑桔包果袋,9.24,英慧精品c店a,广东 茂名,0.0
情人节生日水果橙子荔枝榴莲花束同城速递茂名市茂南区电白区花店,138.0,俊喧520诚信鲜花,广东 茂名,0.0
情人节生日荔枝榴莲花束同城速递茂名市高州市化州市信宜市花店,138.0,俊喧520诚信鲜花,广东 茂名,0.0
情人节生日橙子荔枝水果榴莲花束同城速递茂名市茂南区电白区花店,138.0,亿风花语,广东 茂名,0.0
进口荔枝纹仿真皮抱枕现代简约风格沙发大靠垫椅子腰垫腰枕床头枕,197.24,军凯的店3,广东 茂名,0.0
高空剪树枝剪采大号高枝剪修枝剪刀踩果剪摘采果龙眼摘采剪,25.98,小田百货批发,广东 茂名,0.0
高端陶瓷荔枝摆件客厅玄关酒柜办公室工艺品装饰开业乔迁新居奢华,3352.0,炫风服饰店,广东 茂名,0.0
电锤电镐钻头合金花锤头混凝土高架桥荔枝面现浇板砼变面钢凿打.,20.2,三霞百货商贸,广东 茂名,0.0
电锤电镐钻头合金花锤头混凝土高架桥荔枝面现浇板砼变面钢凿打毛,31.6,小田百货批发,广东 茂名,0.0
